1	ну	ну	PART	_	_	_	_	_	@mva1988f-words#@mva1988f#3793.074#3793.407
2	они	они	PRON	_	Case=Nom|Number=Plur|Person=3	_	_	_	@mva1988f-words#@mva1988f#3793.407#3793.74
3	достаточно	достаточно	ADV	_	Degree=Pos	_	_	_	@mva1988f-words#@mva1988f#3793.74#3794.073
4	большие	большой	ADJ	_	Case=Nom|Degree=Pos|Number=Plur	_	_	_	@mva1988f-words#@mva1988f#3794.073#3794.406
5	были	быть	AUX	_	Aspect=Imp|Mood=Ind|Number=Plur|Tense=Past|VerbForm=Fin|Voice=Act	_	_	_	@mva1988f-words#@mva1988f#3794.406#3794.739
6	то	то	PRON	_	Case=Nom|Gender=Neut|Number=Sing	_	_	_	@mva1988f-words#@mva1988f#3794.739#3795.072
7	есть	быть	VERB	_	Aspect=Imp|Mood=Ind|Number=Sing|Person=3|Tense=Pres|VerbForm=Fin|Voice=Act	_	_	_	@mva1988f-words#@mva1988f#3795.072#3795.405
8	мы	мы	PRON	_	Case=Nom|Number=Plur|Person=1	_	_	_	@mva1988f-words#@mva1988f#3795.405#3795.738
9	начали	начать	VERB	_	Aspect=Perf|Mood=Ind|Number=Plur|Tense=Past|VerbForm=Fin|Voice=Act	_	_	_	@mva1988f-words#@mva1988f#3795.738#3796.074
10	из	из	ADP	_	_	_	_	_	@mva1988f-words#@mva1988f#3797.103#3798.045
11	Чехии	Чехия	PROPN	_	Animacy=Inan|Case=Gen|Gender=Fem|Number=Sing	_	_	_	@mva1988f-words#@mva1988f#3798.221#3799.045
12	проехали	проехать	VERB	_	Aspect=Perf|Mood=Ind|Number=Plur|Tense=Past|VerbForm=Fin|Voice=Act	_	_	_	@mva1988f-words#@mva1988f#3799.545#3800.309
13	Голландию	Голландия	PROPN	_	Animacy=Inan|Case=Acc|Gender=Fem|Number=Sing	_	_	_	@mva1988f-words#@mva1988f#3800.309#3801.073
14	Германию	Германия	PROPN	_	Animacy=Inan|Case=Acc|Gender=Fem|Number=Sing	_	_	_	@mva1988f-words#@mva1988f#3801.073#3801.837
15	Швецию	Швеция	PROPN	_	Animacy=Inan|Case=Acc|Gender=Fem|Number=Sing	_	_	_	@mva1988f-words#@mva1988f#3801.837#3802.603
16	часть	часть	NOUN	_	Animacy=Inan|Case=Acc|Gender=Fem|Number=Sing	_	_	_	@mva1988f-words#@mva1988f#3803.545#3804.045
17	Испании	Испания	PROPN	_	Animacy=Inan|Case=Gen|Gender=Fem|Number=Sing	_	_	_	@mva1988f-words#@mva1988f#3804.045#3804.545
18	один	один	NUM	_	Case=Acc|Gender=Masc	_	_	_	@mva1988f-words#@mva1988f#3804.868#3805.417
19	город	город	NOUN	_	Animacy=Inan|Case=Acc|Gender=Masc|Number=Sing	_	_	_	@mva1988f-words#@mva1988f#3805.417#3805.966
20	Италии	Италия	PROPN	_	Animacy=Inan|Case=Gen|Gender=Fem|Number=Sing	_	_	_	@mva1988f-words#@mva1988f#3805.966#3806.515
21	два	два	NUM	_	Case=Acc|Gender=Masc	_	_	_	@mva1988f-words#@mva1988f#3808.422#3808.951
22	ммм	ммм	INTJ	_	_	_	_	_	@mva1988f-words#@mva1988f#3809.215#3809.686
23	потом	потом	ADV	_	_	_	_	_	@mva1988f-words#@mva1988f#3809.744#3810.126
24	полетели	полететь	VERB	_	Aspect=Perf|Mood=Ind|Number=Plur|Tense=Past|VerbForm=Fin|Voice=Act	_	_	_	@mva1988f-words#@mva1988f#3810.126#3810.508
25	в	в	ADP	_	_	_	_	_	@mva1988f-words#@mva1988f#3810.508#3810.89
26	Новую	новый	ADJ	_	Case=Acc|Degree=Pos|Gender=Fem|Number=Sing	_	_	_	@mva1988f-words#@mva1988f#3810.89#3811.272
27	Зеландию	Зеландия	PROPN	_	Animacy=Inan|Case=Acc|Gender=Fem|Number=Sing	_	_	_	@mva1988f-words#@mva1988f#3811.272#3811.654
28	потом	потом	ADV	_	_	_	_	_	@mva1988f-words#@mva1988f#3811.654#3812.036
29	в	в	ADP	_	_	_	_	_	@mva1988f-words#@mva1988f#3812.036#3812.418
30	Австралию	Австралия	PROPN	_	Animacy=Inan|Case=Acc|Gender=Fem|Number=Sing	_	_	_	@mva1988f-words#@mva1988f#3812.418#3812.803
31	потом	потом	ADV	_	_	_	_	_	@mva1988f-words#@mva1988f#3812.92#3813.351
32	в	в	ADP	_	_	_	_	_	@mva1988f-words#@mva1988f#3813.351#3813.782
33	Черногорию	Черногория	PROPN	_	Animacy=Inan|Case=Acc|Gender=Fem|Number=Sing	_	_	_	@mva1988f-words#@mva1988f#3813.782#3814.214
34	потом	потом	ADV	_	_	_	_	_	@mva1988f-words#@mva1988f#3814.773#3815.008
35	в	в	ADP	_	_	_	_	_	@mva1988f-words#@mva1988f#3815.008#3815.243
36	Сербию	Сербия	PROPN	_	Animacy=Inan|Case=Acc|Gender=Fem|Number=Sing	_	_	_	@mva1988f-words#@mva1988f#3815.243#3815.478
37	потом	потом	ADV	_	_	_	_	_	@mva1988f-words#@mva1988f#3815.478#3815.713
38	всё	всё	PRON	_	Case=Nom|Gender=Neut|Number=Sing	_	_	_	@mva1988f-words#@mva1988f#3815.713#3815.95
39	после	после	ADP	_	_	_	_	_	@mva1988f-words#@mva1988f#3816.185#3816.508
40	там	там	PART	_	_	_	_	_	@mva1988f-words#@mva1988f#3816.508#3816.831
41	каждого	каждый	DET	_	Case=Gen|Gender=Neut|Number=Sing	_	_	_	@mva1988f-words#@mva1988f#3816.831#3817.154
42	выступления	выступление	NOUN	_	Animacy=Inan|Case=Gen|Gender=Neut|Number=Sing	_	_	_	@mva1988f-words#@mva1988f#3817.154#3817.479
43	там	там	PART	_	_	_	_	_	@mva1988f-words#@mva1988f#3817.714#3818.126
44	супер	супер	ADV	_	_	_	_	_	@mva1988f-words#@mva1988f#3818.391#3818.718
45	большая	большой	ADJ	_	Case=Nom|Degree=Pos|Gender=Fem|Number=Sing	_	_	_	@mva1988f-words#@mva1988f#3818.718#3819.045
46	очередь	очередь	NOUN	_	Animacy=Inan|Case=Nom|Gender=Fem|Number=Sing	_	_	_	@mva1988f-words#@mva1988f#3819.045#3819.372
47	ты	ты	PRON	_	Case=Nom|Number=Sing|Person=2	_	_	_	@mva1988f-words#@mva1988f#3819.372#3819.699
48	сидишь	сидеть	VERB	_	Aspect=Imp|Mood=Ind|Number=Sing|Person=2|Tense=Pres|VerbForm=Fin|Voice=Act	_	_	_	@mva1988f-words#@mva1988f#3819.699#3820.026
49	подписываешь	подписывать	VERB	_	Aspect=Imp|Mood=Ind|Number=Sing|Person=2|Tense=Pres|VerbForm=Fin|Voice=Act	_	_	_	@mva1988f-words#@mva1988f#3820.026#3820.353
50	соответственно	соответственно	ADV	_	_	_	_	_	@mva1988f-words#@mva1988f#3820.353#3820.685
51	с	с	ADP	_	_	_	_	_	@mva1988f-words#@mva1988f#3821.126#3821.384
52	каждым	каждый	DET	_	Case=Ins|Gender=Masc|Number=Sing	_	_	_	@mva1988f-words#@mva1988f#3821.384#3821.642
53	человеком	человек	NOUN	_	Animacy=Anim|Case=Ins|Gender=Masc|Number=Sing	_	_	_	@mva1988f-words#@mva1988f#3821.642#3821.9
54	кто	кто	PRON	_	Case=Nom	_	_	_	@mva1988f-words#@mva1988f#3821.9#3822.158
55	подходит	подходить	VERB	_	Aspect=Imp|Mood=Ind|Number=Sing|Person=3|Tense=Pres|VerbForm=Fin|Voice=Act	_	_	_	@mva1988f-words#@mva1988f#3822.158#3822.42
56	общаешься	общаться	VERB	_	Aspect=Imp|Mood=Ind|Number=Sing|Person=2|Tense=Pres|VerbForm=Fin|Voice=Mid	_	_	_	@mva1988f-words#@mva1988f#3822.832#3823.135
57	и	и	CCONJ	_	_	_	_	_	@mva1988f-words#@mva1988f#3823.135#3823.438
58	очень	очень	ADV	_	_	_	_	_	@mva1988f-words#@mva1988f#3823.438#3823.741
59	много	много	NUM	_	Case=Nom	_	_	_	@mva1988f-words#@mva1988f#3823.741#3824.044
60	людей	человек	NOUN	_	Animacy=Anim|Case=Gen|Gender=Masc|Number=Plur	_	_	_	@mva1988f-words#@mva1988f#3824.044#3824.347
61	они	они	PRON	_	Case=Nom|Number=Plur|Person=3	_	_	_	@mva1988f-words#@mva1988f#3824.347#3824.655
62	а	а	INTJ	_	_	_	_	_	@mva1988f-words#@mva1988f#3825.213#3825.566
63	про	про	ADP	_	_	_	_	_	@mva1988f-words#@mva1988f#3825.566#3825.925
64	книжку	книжка	NOUN	_	Animacy=Inan|Case=Acc|Gender=Fem|Number=Sing	_	_	_	@mva1988f-words#@mva1988f#3825.925#3826.284
65	там	там	PART	_	_	_	_	_	@mva1988f-words#@mva1988f#3826.284#3826.643
66	слышали	слышать	VERB	_	Aspect=Imp|Mood=Ind|Number=Plur|Tense=Past|VerbForm=Fin|Voice=Act	_	_	_	@mva1988f-words#@mva1988f#3826.643#3827.002
67	до	до	ADP	_	_	_	_	_	@mva1988f-words#@mva1988f#3827.002#3827.361
68	всякого	всякий	DET	_	Case=Gen|Gender=Masc|Number=Sing	_	_	_	@mva1988f-words#@mva1988f#3827.361#3827.72
69	концерта	концерт	NOUN	_	Animacy=Inan|Case=Gen|Gender=Masc|Number=Sing	_	_	_	@mva1988f-words#@mva1988f#3827.72#3828.079
70	и	и	CCONJ	_	_	_	_	_	@mva1988f-words#@mva1988f#3828.079#3828.438
71	купили	купить	VERB	_	Aspect=Imp|Mood=Ind|Number=Plur|Tense=Past|VerbForm=Fin|Voice=Act	_	_	_	@mva1988f-words#@mva1988f#3828.438#3828.801
72	по	по	ADP	_	_	_	_	_	@mva1988f-words#@mva1988f#3829.36#3829.712
73	интернету	интернет	NOUN	_	Animacy=Inan|Case=Dat|Gender=Masc|Number=Sing	_	_	_	@mva1988f-words#@mva1988f#3829.712#3830.064
74	и	и	CCONJ	_	_	_	_	_	@mva1988f-words#@mva1988f#3830.064#3830.416
75	уже	уже	ADV	_	_	_	_	_	@mva1988f-words#@mva1988f#3830.416#3830.768
76	прочли	прочесть	VERB	_	Aspect=Perf|Mood=Ind|Number=Plur|Tense=Past|VerbForm=Fin|Voice=Act	_	_	_	@mva1988f-words#@mva1988f#3830.768#3831.124
77	для	для	ADP	_	_	_	_	_	@mva1988f-words#@mva1988f#3831.242#3831.521
78	меня	я	PRON	_	Case=Gen|Number=Sing|Person=1	_	_	_	@mva1988f-words#@mva1988f#3831.521#3831.8
79	самый	самый	ADJ	_	Animacy=Inan|Case=Nom|Degree=Pos|Gender=Masc|Number=Sing	_	_	_	@mva1988f-words#@mva1988f#3831.8#3832.079
80	классный	классный	ADJ	_	Animacy=Inan|Case=Nom|Degree=Pos|Gender=Masc|Number=Sing	_	_	_	@mva1988f-words#@mva1988f#3832.079#3832.358
81	ответ	ответ	NOUN	_	Animacy=Inan|Case=Nom|Gender=Masc|Number=Sing	_	_	_	@mva1988f-words#@mva1988f#3832.358#3832.637
82	это	это	PART	_	_	_	_	_	@mva1988f-words#@mva1988f#3832.637#3832.916
83	мы	мы	PRON	_	Case=Nom|Number=Plur|Person=1	_	_	_	@mva1988f-words#@mva1988f#3832.916#3833.195
84	прочли	прочесть	VERB	_	Aspect=Perf|Mood=Ind|Number=Plur|Tense=Past|VerbForm=Fin|Voice=Act	_	_	_	@mva1988f-words#@mva1988f#3833.195#3833.477
85	и	и	CCONJ	_	_	_	_	_	@mva1988f-words#@mva1988f#3833.712#3833.954
86	мы	мы	PRON	_	Case=Nom|Number=Plur|Person=1	_	_	_	@mva1988f-words#@mva1988f#3833.954#3834.196
87	тоже	тоже	PART	_	_	_	_	_	@mva1988f-words#@mva1988f#3834.196#3834.438
88	вот	вот	PART	_	_	_	_	_	@mva1988f-words#@mva1988f#3834.438#3834.68
89	вот	вот	PART	_	_	_	_	_	@mva1988f-words#@mva1988f#3834.68#3834.922
90	какие-то	какой-то	DET	_	Case=Acc|Number=Plur	_	_	_	@mva1988f-words#@mva1988f#3834.922#3835.164
91	штуки	штука	NOUN	_	Animacy=Anim|Case=Acc|Gender=Fem|Number=Plur	_	_	_	@mva1988f-words#@mva1988f#3835.164#3835.406
92	сделали	cделать	VERB	_	Aspect=Perf|Mood=Ind|Number=Plur|Tense=Past|VerbForm=Fin|Voice=Act	_	_	_	@mva1988f-words#@mva1988f#3835.406#3835.653
93	да	да	PART	_	_	_	_	_	@mva1988f-words#@mva1988f#3836.917#3837.211
94	ну	ну	PART	_	_	_	_	_	@mva1988f-words#@mva1988f#3837.358#3837.652
95	то	то	PRON	_	Case=Nom|Gender=Neut|Number=Sing	_	_	_	@mva1988f-words#@mva1988f#3837.652#3837.946
96	есть	быть	VERB	_	Aspect=Imp|Mood=Ind|Number=Sing|Person=3|Tense=Pres|VerbForm=Fin|Voice=Act	_	_	_	@mva1988f-words#@mva1988f#3837.946#3838.241
97	ну	ну	PART	_	_	_	_	_	@mva1988f-words#@mva1988f#3842.615#3843.027
98	разные	разный	ADJ	_	Case=Acc|Degree=Pos|Number=Plur	_	_	_	@mva1988f-words#@mva1988f#3843.115#3844.07
99	инициативы	инициатива	NOUN	_	Animacy=Inan|Case=Acc|Gender=Fem|Number=Plur	_	_	_	@mva1988f-words#@mva1988f#3844.07#3845.025
100	начинают	начинать	VERB	_	Aspect=Imp|Mood=Ind|Number=Plur|Person=3|Tense=Pres|VerbForm=Fin|Voice=Act	_	_	_	@mva1988f-words#@mva1988f#3845.025#3845.98
101	студенческие	студенческий	ADJ	_	Case=Acc|Degree=Pos|Number=Plur	_	_	_	@mva1988f-words#@mva1988f#3845.98#3846.938
102	группы	группа	NOUN	_	Animacy=Inan|Case=Acc|Gender=Fem|Number=Plur	_	_	_	@mva1988f-words#@mva1988f#3847.438#3848.349
103	организовывают	организовывать	VERB	_	Aspect=Imp|Mood=Ind|Number=Plur|Person=3|Tense=Pres|VerbForm=Fin|Voice=Act	_	_	_	@mva1988f-words#@mva1988f#3848.349#3849.261
104	как	как	SCONJ	_	_	_	_	_	@mva1988f-words#@mva1988f#3849.636#3849.969
105	музыкальные	музыкальный	ADJ	_	Case=Acc|Degree=Pos|Number=Plur	_	_	_	@mva1988f-words#@mva1988f#3849.969#3850.302
106	вот	вот	PART	_	_	_	_	_	@mva1988f-words#@mva1988f#3850.302#3850.635
107	ну	ну	PART	_	_	_	_	_	@mva1988f-words#@mva1988f#3850.635#3850.968
108	то	то	PRON	_	Case=Nom|Gender=Neut|Number=Sing	_	_	_	@mva1988f-words#@mva1988f#3850.968#3851.301
109	есть	быть	VERB	_	Aspect=Imp|Mood=Ind|Number=Sing|Person=3|Tense=Pres|VerbForm=Fin|Voice=Act	_	_	_	@mva1988f-words#@mva1988f#3851.301#3851.634
110	кто-то	кто-то	PRON	_	Case=Nom	_	_	_	@mva1988f-words#@mva1988f#3851.634#3851.967
111	там	там	PART	_	_	_	_	_	@mva1988f-words#@mva1988f#3851.967#3852.3
112	решил	решить	VERB	_	Aspect=Perf|Gender=Masc|Mood=Ind|Number=Sing|Tense=Past|VerbForm=Fin|Voice=Act	_	_	_	@mva1988f-words#@mva1988f#3852.3#3852.636
113	создать	создать	VERB	_	Aspect=Perf|VerbForm=Inf|Voice=Act	_	_	_	@mva1988f-words#@mva1988f#3853.313#3853.96
114	тоже	тоже	PART	_	_	_	_	_	@mva1988f-words#@mva1988f#3855.342#3856.077
115	панк-группу	панк-группа	NOUN	_	Animacy=Inan|Case=Acc|Gender=Fem|Number=Sing	_	_	_	@mva1988f-words#@mva1988f#3856.077#3856.813
116	то	то	PRON	_	Case=Nom|Gender=Neut|Number=Sing	_	_	_	@mva1988f-words#@mva1988f#3857.195#3857.489
117	есть	быть	VERB	_	Aspect=Imp|Mood=Ind|Number=Sing|Person=3|Tense=Pres|VerbForm=Fin|Voice=Act	_	_	_	@mva1988f-words#@mva1988f#3857.489#3857.783
118	понятно	понятно	ADV	_	Degree=Pos	_	_	_	@mva1988f-words#@mva1988f#3857.783#3858.077
119	что	что	SCONJ	_	_	_	_	_	@mva1988f-words#@mva1988f#3858.077#3858.371
120	в	в	ADP	_	_	_	_	_	@mva1988f-words#@mva1988f#3858.371#3858.665
121	любой	любой	DET	_	Case=Loc|Gender=Fem|Number=Sing	_	_	_	@mva1988f-words#@mva1988f#3858.665#3858.959
122	там	там	PART	_	_	_	_	_	@mva1988f-words#@mva1988f#3858.959#3859.253
123	европейской	европейский	ADJ	_	Case=Loc|Degree=Pos|Gender=Fem|Number=Sing	_	_	_	@mva1988f-words#@mva1988f#3859.253#3859.547
124	стране	страна	NOUN	_	Animacy=Inan|Case=Loc|Gender=Fem|Number=Sing	_	_	_	@mva1988f-words#@mva1988f#3859.547#3859.841
125	это	это	PRON	_	Case=Nom|Gender=Neut|Number=Sing	_	_	_	@mva1988f-words#@mva1988f#3859.841#3860.135
126	совершенно	совершенно	ADV	_	Degree=Pos	_	_	_	@mva1988f-words#@mva1988f#3860.135#3860.429
127	другой	другой	ADJ	_	Case=Nom|Degree=Pos|Gender=Masc|Number=Sing	_	_	_	@mva1988f-words#@mva1988f#3860.429#3860.723
128	контекст	контекст	NOUN	_	Animacy=Inan|Case=Nom|Gender=Masc|Number=Sing	_	_	_	@mva1988f-words#@mva1988f#3860.723#3861.017
129	и	и	CCONJ	_	_	_	_	_	@mva1988f-words#@mva1988f#3861.017#3861.312
130	там	там	ADV	_	_	_	_	_	@mva1988f-words#@mva1988f#3861.665#3862.312
131	решение	решение	NOUN	_	Animacy=Inan|Case=Nom|Gender=Neut|Number=Sing	_	_	_	@mva1988f-words#@mva1988f#3862.312#3862.959
132	создать	создать	VERB	_	Aspect=Perf|VerbForm=Inf|Voice=Act	_	_	_	@mva1988f-words#@mva1988f#3863.253#3863.655
133	феминистскую	феминистский	ADJ	_	Case=Acc|Degree=Pos|Gender=Fem|Number=Sing	_	_	_	@mva1988f-words#@mva1988f#3863.655#3864.057
134	панк-группу	панк-группа	NOUN	_	Animacy=Inan|Case=Acc|Gender=Fem|Number=Sing	_	_	_	@mva1988f-words#@mva1988f#3864.057#3864.459
135	это	это	PART	_	_	_	_	_	@mva1988f-words#@mva1988f#3864.459#3864.861
136	не	не	PART	_	_	_	_	_	@mva1988f-words#@mva1988f#3864.861#3865.263
137	какое-то	какой-то	DET	_	Case=Nom|Gender=Neut|Number=Sing	_	_	_	@mva1988f-words#@mva1988f#3865.263#3865.665
138	такое	такой	DET	_	Case=Nom|Gender=Neut|Number=Sing	_	_	_	@mva1988f-words#@mva1988f#3865.665#3866.067
139	радикальное	радикальный	ADJ	_	Case=Nom|Degree=Pos|Gender=Neut|Number=Sing	_	_	_	@mva1988f-words#@mva1988f#3866.067#3866.469
140	решение	решение	NOUN	_	Animacy=Inan|Case=Nom|Gender=Neut|Number=Sing	_	_	_	@mva1988f-words#@mva1988f#3866.469#3866.871
141	но	но	CCONJ	_	_	_	_	_	@mva1988f-words#@mva1988f#3866.871#3867.273
142	всё	все	PRON	_	Case=Nom|Gender=Neut|Number=Sing	_	_	_	@mva1988f-words#@mva1988f#3867.273#3867.675
143	равно	равный	ADJ	_	Degree=Pos|Gender=Neut|Number=Sing|Variant=Short	_	_	_	@mva1988f-words#@mva1988f#3867.675#3868.077
144	это	это	PRON	_	Case=Nom|Gender=Neut|Number=Sing	_	_	_	@mva1988f-words#@mva1988f#3868.724#3869.43
145	очень	очень	ADV	_	_	_	_	_	@mva1988f-words#@mva1988f#3869.812#3870.223
146	клёво	клёвый	ADJ	_	Degree=Pos|Gender=Neut|Number=Sing|Variant=Short	_	_	_	@mva1988f-words#@mva1988f#3870.223#3870.635
147	вот	вот	PART	_	_	_	_	_	@mva1988f-words#@mva1988f#3870.988#3871.256
148	это	это	PRON	_	Case=Nom|Gender=Neut|Number=Sing	_	_	_	@mva1988f-words#@mva1988f#3871.256#3871.524
149	меня	я	PRON	_	Case=Acc|Number=Sing|Person=1	_	_	_	@mva1988f-words#@mva1988f#3871.524#3871.792
150	поразило	поразить	VERB	_	Aspect=Perf|Gender=Neut|Mood=Ind|Number=Sing|Tense=Past|VerbForm=Fin|Voice=Act	_	_	_	@mva1988f-words#@mva1988f#3871.792#3872.06
151	особенно	особенно	ADV	_	Degree=Pos	_	_	_	@mva1988f-words#@mva1988f#3872.06#3872.328
152	в	в	ADP	_	_	_	_	_	@mva1988f-words#@mva1988f#3872.328#3872.596
153	штатах	штат	NOUN	_	Animacy=Inan|Case=Loc|Gender=Masc|Number=Plur	_	_	_	@mva1988f-words#@mva1988f#3872.596#3872.864
154	они	они	PRON	_	Case=Nom|Number=Plur|Person=3	_	_	_	@mva1988f-words#@mva1988f#3872.864#3873.132
155	такие	такой	DET	_	Case=Nom|Number=Plur	_	_	_	@mva1988f-words#@mva1988f#3873.132#3873.4
156	если	если	SCONJ	_	_	_	_	_	@mva1988f-words#@mva1988f#3874.488#3874.709
157	бы	бы	PART	_	_	_	_	_	@mva1988f-words#@mva1988f#3874.709#3874.93
158	не	не	PART	_	_	_	_	_	@mva1988f-words#@mva1988f#3874.93#3875.151
159	Пусси	Пусси	X	_	_	_	_	_	@mva1988f-words#@mva1988f#3875.151#3875.372
160	Райот	Райот	X	_	_	_	_	_	@mva1988f-words#@mva1988f#3875.372#3875.593
161	мы	мы	PRON	_	Case=Nom|Number=Plur|Person=1	_	_	_	@mva1988f-words#@mva1988f#3875.593#3875.814
162	бы	бы	PART	_	_	_	_	_	@mva1988f-words#@mva1988f#3875.814#3876.035
163	никогда	никогда	ADV	_	_	_	_	_	@mva1988f-words#@mva1988f#3876.035#3876.256
164	не	не	PART	_	_	_	_	_	@mva1988f-words#@mva1988f#3876.256#3876.477
165	начали	начать	VERB	_	Aspect=Perf|Mood=Ind|Number=Plur|Tense=Past|VerbForm=Fin|Voice=Act	_	_	_	@mva1988f-words#@mva1988f#3876.477#3876.698
166	изучать	изучать	VERB	_	Aspect=Imp|VerbForm=Inf|Voice=Act	_	_	_	@mva1988f-words#@mva1988f#3876.698#3876.919
167	русский	русский	ADJ	_	Case=Acc|Degree=Pos|Gender=Masc|Number=Sing	_	_	_	@mva1988f-words#@mva1988f#3876.919#3877.14
168	язык	язык	NOUN	_	Animacy=Inan|Case=Acc|Gender=Masc|Number=Sing	_	_	_	@mva1988f-words#@mva1988f#3877.14#3877.371
169	оч	очень	ADV	_	_	_	_	_	@mva1988f-words#@mva1988f#3878.517#3878.899
170	много	много	ADV	_	_	_	_	_	@mva1988f-words#@mva1988f#3878.899#3879.282
171	вот	вот	PART	_	_	_	_	_	@mva1988f-words#@mva1988f#3879.664#3880.076
172	я	я	PRON	_	Case=Nom|Number=Sing|Person=1	_	_	_	@mva1988f-words#@mva1988f#3882.194#3882.527
173	сама	сам	DET	_	Case=Nom|Degree=Pos|Gender=Fem|Number=Sing	_	_	_	@mva1988f-words#@mva1988f#3882.527#3882.86
174	удивилась	удивиться	VERB	_	Aspect=Perf|Gender=Fem|Mood=Ind|Number=Sing|Tense=Past|VerbForm=Fin|Voice=Mid	_	_	_	@mva1988f-words#@mva1988f#3882.86#3883.194
175	вот	вот	PART	_	_	_	_	_	@mva1988f-words#@mva1988f#3883.4#3883.694
176	им	они	PRON	_	Case=Dat|Number=Plur|Person=3	_	_	_	@mva1988f-words#@mva1988f#3888.096#3888.458
177	интересно	интересно	ADV	_	Degree=Pos	_	_	_	@mva1988f-words#@mva1988f#3888.458#3888.82
178	им	они	PRON	_	Case=Dat|Number=Plur|Person=3	_	_	_	@mva1988f-words#@mva1988f#3888.82#3889.182
179	интересен	интересный	ADJ	_	Degree=Pos|Gender=Masc|Number=Sing|Variant=Short	_	_	_	@mva1988f-words#@mva1988f#3889.182#3889.544
180	контекст	контекст	NOUN	_	Animacy=Inan|Case=Nom|Gender=Masc|Number=Sing	_	_	_	@mva1988f-words#@mva1988f#3889.544#3889.906
181	им	они	PRON	_	Case=Dat|Number=Plur|Person=3	_	_	_	@mva1988f-words#@mva1988f#3889.906#3890.268
182	интересны	интересный	ADJ	_	Degree=Pos|Number=Plur|Variant=Short	_	_	_	@mva1988f-words#@mva1988f#3890.268#3890.63
183	вот	вот	PART	_	_	_	_	_	@mva1988f-words#@mva1988f#3890.63#3890.992
184	ну	ну	PART	_	_	_	_	_	@mva1988f-words#@mva1988f#3890.992#3891.354
185	то	то	PRON	_	Case=Nom|Gender=Neut|Number=Sing	_	_	_	@mva1988f-words#@mva1988f#3891.354#3891.716
186	есть	быть	VERB	_	Aspect=Imp|Mood=Ind|Number=Sing|Person=3|Tense=Pres|VerbForm=Fin|Voice=Act	_	_	_	@mva1988f-words#@mva1988f#3891.716#3892.078
187	контекст	контекст	NOUN	_	Animacy=Inan|Case=Nom|Gender=Masc|Number=Sing	_	_	_	@mva1988f-words#@mva1988f#3892.078#3892.44
188	в	в	ADP	_	_	_	_	_	@mva1988f-words#@mva1988f#3892.44#3892.802
189	котором	который	DET	_	Case=Loc|Gender=Masc|Number=Sing	_	_	_	@mva1988f-words#@mva1988f#3892.802#3893.164
190	происходят	происходить	VERB	_	Aspect=Imp|Mood=Ind|Number=Plur|Person=3|Tense=Pres|VerbForm=Fin|Voice=Act	_	_	_	@mva1988f-words#@mva1988f#3893.164#3893.526
191	такие	такой	DET	_	Case=Nom|Number=Plur	_	_	_	@mva1988f-words#@mva1988f#3893.526#3893.888
192	политические	политический	ADJ	_	Case=Nom|Number=Plur	_	_	_	@mva1988f-words#@mva1988f#3893.888#3894.25
193	события	событие	NOUN	_	Animacy=Inan|Case=Nom|Gender=Neut|Number=Plur	_	_	_	@mva1988f-words#@mva1988f#3894.25#3894.625
194	потому	потому	SCONJ	_	_	_	_	_	@mva1988f-words#@mva1988f#3895.271#3895.553
195	что	что	SCONJ	_	_	_	_	_	@mva1988f-words#@mva1988f#3895.553#3895.835
196	для	для	ADP	_	_	_	_	_	@mva1988f-words#@mva1988f#3895.835#3896.117
197	них	они	PRON	_	Case=Gen|Number=Plur|Person=3	_	_	_	@mva1988f-words#@mva1988f#3896.117#3896.399
198	это	это	PART	_	_	_	_	_	@mva1988f-words#@mva1988f#3896.399#3896.683
199	ну	ну	PART	_	_	_	_	_	@mva1988f-words#@mva1988f#3897.154#3897.565
200	просто	просто	PART	_	_	_	_	_	@mva1988f-words#@mva1988f#3897.565#3897.976
201	глава	глава	NOUN	_	Animacy=Inan|Case=Nom|Gender=Fem|Number=Sing	_	_	_	@mva1988f-words#@mva1988f#3897.976#3898.387
202	антиутопии	антиутопия	NOUN	_	Animacy=Inan|Case=Gen|Gender=Fem|Number=Sing	_	_	_	@mva1988f-words#@mva1988f#3898.387#3898.801
203	иии	и	CCONJ	_	_	_	_	_	@mva1988f-words#@mva1988f#3899.712#3900.3
204	а	а	CCONJ	_	_	_	_	_	@mva1988f-words#@mva1988f#3900.653#3900.853
205	для	для	ADP	_	_	_	_	_	@mva1988f-words#@mva1988f#3900.853#3901.053
206	нас	мы	PRON	_	Case=Gen|Number=Plur|Person=1	_	_	_	@mva1988f-words#@mva1988f#3901.053#3901.253
207	это	этот	PART	_	_	_	_	_	@mva1988f-words#@mva1988f#3901.253#3901.453
208	реальность	реальность	NOUN	_	Animacy=Inan|Case=Nom|Gender=Fem|Number=Sing	_	_	_	@mva1988f-words#@mva1988f#3901.453#3901.653
209	мы	мы	PRON	_	Case=Nom|Number=Plur|Person=1	_	_	_	@mva1988f-words#@mva1988f#3904.17#3904.511
210	Пусси	Пусси	PROPN	_	Animacy=Anim|Case=Nom|Gender=Masc|Number=Sing	_	_	_	@mva1988f-words#@mva1988f#3904.511#3904.852
211	Райот	Райот	PROPN	_	Animacy=Anim|Case=Nom|Gender=Masc|Number=Sing	_	_	_	@mva1988f-words#@mva1988f#3904.852#3905.193
212	вышли	выйти	VERB	_	Aspect=Perf|Mood=Ind|Number=Plur|Tense=Past|VerbForm=Fin|Voice=Act	_	_	_	@mva1988f-words#@mva1988f#3905.193#3905.534
213	на	на	ADP	_	_	_	_	_	@mva1988f-words#@mva1988f#3905.534#3905.875
214	площадь	площадь	NOUN	_	Animacy=Inan|Case=Acc|Gender=Fem|Number=Sing	_	_	_	@mva1988f-words#@mva1988f#3905.875#3906.216
215	с	с	ADP	_	_	_	_	_	@mva1988f-words#@mva1988f#3906.216#3906.557
216	желанием	желание	NOUN	_	Animacy=Inan|Case=Ins|Gender=Neut|Number=Sing	_	_	_	@mva1988f-words#@mva1988f#3906.557#3906.898
217	другой	другой	ADJ	_	Case=Gen|Gender=Fem|Number=Sing	_	_	_	@mva1988f-words#@mva1988f#3906.898#3907.239
218	истории	история	NOUN	_	Animacy=Inan|Case=Gen|Gender=Fem|Number=Sing	_	_	_	@mva1988f-words#@mva1988f#3907.239#3907.582
219	потому	потому	SCONJ	_	_	_	_	_	@mva1988f-words#@mva1988f#3908.17#3908.537
220	что	что	SCONJ	_	_	_	_	_	@mva1988f-words#@mva1988f#3908.537#3908.904
221	та	тот	DET	_	Case=Nom|Gender=Fem|Number=Sing	_	_	_	@mva1988f-words#@mva1988f#3908.904#3909.271
222	в	в	ADP	_	_	_	_	_	@mva1988f-words#@mva1988f#3909.271#3909.638
223	которой	который	PRON	_	Case=Loc|Gender=Fem|Number=Sing	_	_	_	@mva1988f-words#@mva1988f#3909.638#3910.005
224	президент	президент	NOUN	_	Animacy=Anim|Case=Nom|Gender=Masc|Number=Sing	_	_	_	@mva1988f-words#@mva1988f#3910.005#3910.372
225	превращался	превращаться	VERB	_	Aspect=Imp|Gender=Masc|Mood=Ind|Number=Sing|Tense=Past|VerbForm=Fin|Voice=Mid	_	_	_	@mva1988f-words#@mva1988f#3910.372#3910.739
226	в	в	ADP	_	_	_	_	_	@mva1988f-words#@mva1988f#3910.739#3911.106
227	императора	император	NOUN	_	Animacy=Anim|Case=Acc|Gender=Masc|Number=Sing	_	_	_	@mva1988f-words#@mva1988f#3911.106#3911.473
228	нас	мы	PRON	_	Case=Acc|Number=Plur|Person=1	_	_	_	@mva1988f-words#@mva1988f#3911.473#3911.84
229	не	не	PART	_	_	_	_	_	@mva1988f-words#@mva1988f#3911.84#3912.207
230	устраивала	устраивать	VERB	_	Aspect=Imp|Gender=Fem|Mood=Ind|Number=Sing|Tense=Past|VerbForm=Fin|Voice=Act	_	_	_	@mva1988f-words#@mva1988f#3912.207#3912.582
231	нас	мы	PRON	_	Case=Acc|Number=Plur|Person=1	_	_	_	@mva1988f-words#@mva1988f#3913.258#3913.581
232	тошнило	тошнить	VERB	_	Aspect=Imp|Gender=Neut|Mood=Ind|Number=Sing|Tense=Past|VerbForm=Fin|Voice=Act	_	_	_	@mva1988f-words#@mva1988f#3913.581#3913.904
233	от	от	ADP	_	_	_	_	_	@mva1988f-words#@mva1988f#3913.904#3914.227
234	лжи	ложь	NOUN	_	Animacy=Inan|Case=Gen|Gender=Fem|Number=Sing	_	_	_	@mva1988f-words#@mva1988f#3914.227#3914.553
235	от	от	ADP	_	_	_	_	_	@mva1988f-words#@mva1988f#3915.023#3915.552
236	несменяемой	несменяемый	ADJ	_	Case=Gen|Degree=Pos|Gender=Fem|Number=Sing	_	_	_	@mva1988f-words#@mva1988f#3915.552#3916.081
237	картинки	картинка	NOUN	_	Animacy=Inan|Case=Gen|Gender=Fem|Number=Sing	_	_	_	@mva1988f-words#@mva1988f#3916.081#3916.61
238	в	в	ADP	_	_	_	_	_	@mva1988f-words#@mva1988f#3916.61#3917.139
239	телевизоре	телевизор	NOUN	_	Animacy=Inan|Case=Loc|Gender=Masc|Number=Sing	_	_	_	@mva1988f-words#@mva1988f#3917.139#3917.67
240	бесконечного	бесконечный	ADJ	_	Case=Gen|Degree=Pos|Gender=Masc|Number=Sing	_	_	_	@mva1988f-words#@mva1988f#3917.993#3918.591
241	сюжета	сюжет	NOUN	_	Animacy=Inan|Case=Gen|Gender=Masc|Number=Sing	_	_	_	@mva1988f-words#@mva1988f#3918.591#3919.189
242	про	про	ADP	_	_	_	_	_	@mva1988f-words#@mva1988f#3919.189#3919.787
243	долгую	долгий	ADJ	_	Case=Acc|Degree=Pos|Gender=Fem|Number=Sing	_	_	_	@mva1988f-words#@mva1988f#3919.787#3920.385
244	счастливую	счастливый	ADJ	_	Case=Acc|Degree=Pos|Gender=Fem|Number=Sing	_	_	_	@mva1988f-words#@mva1988f#3920.385#3920.983
245	жизнь	жизнь	NOUN	_	Animacy=Inan|Case=Acc|Gender=Fem|Number=Sing	_	_	_	@mva1988f-words#@mva1988f#3920.983#3921.581
246	за	за	ADP	_	_	_	_	_	@mva1988f-words#@mva1988f#3922.022#3922.4
247	которой	который	DET	_	Case=Ins|Gender=Fem|Number=Sing	_	_	_	@mva1988f-words#@mva1988f#3922.4#3922.778
248	в	в	ADP	_	_	_	_	_	@mva1988f-words#@mva1988f#3922.778#3923.156
249	реальности	реальность	NOUN	_	Animacy=Inan|Case=Loc|Gender=Fem|Number=Sing	_	_	_	@mva1988f-words#@mva1988f#3923.156#3923.534
250	не	не	PART	_	_	_	_	_	@mva1988f-words#@mva1988f#3923.534#3923.912
251	было	быть	VERB	_	Aspect=Imp|Gender=Neut|Mood=Ind|Number=Sing|Tense=Past|VerbForm=Fin|Voice=Act	_	_	_	@mva1988f-words#@mva1988f#3923.912#3924.29
252	ничего	ничто	PRON	_	Case=Gen	_	_	_	@mva1988f-words#@mva1988f#3924.29#3924.669
253	ну	ну	PART	_	_	_	_	_	@mva1988f-words#@mva1988f#3925.053#3925.582
254	существует	существовать	VERB	_	Aspect=Imp|Mood=Ind|Number=Sing|Person=3|Tense=Pres|VerbForm=Fin|Voice=Act	_	_	_	@mva1988f-words#@mva1988f#3925.582#3926.111
255	наверное	наверное	ADV	_	_	_	_	_	@mva1988f-words#@mva1988f#3926.111#3926.64
256	некоторый	некоторый	DET	_	Case=Nom|Gender=Masc|Number=Sing	_	_	_	@mva1988f-words#@mva1988f#3926.64#3927.169
257	отпечаток	отпечаток	NOUN	_	Animacy=Inan|Case=Nom|Gender=Masc|Number=Sing	_	_	_	@mva1988f-words#@mva1988f#3927.169#3927.7
258	ммм	мм	INTJ	_	_	_	_	_	@mva1988f-words#@mva1988f#3927.905#3929.199
259	особенно	особенно	ADV	_	Degree=Pos	_	_	_	@mva1988f-words#@mva1988f#3929.199#3929.478
260	если	если	SCONJ	_	_	_	_	_	@mva1988f-words#@mva1988f#3929.478#3929.757
261	ты	ты	PRON	_	Case=Nom|Number=Sing|Person=2	_	_	_	@mva1988f-words#@mva1988f#3929.757#3930.036
262	там	там	PART	_	_	_	_	_	@mva1988f-words#@mva1988f#3930.036#3930.315
263	ну	ну	PART	_	_	_	_	_	@mva1988f-words#@mva1988f#3930.315#3930.594
264	типо	типо	PART	_	_	_	_	_	@mva1988f-words#@mva1988f#3930.594#3930.873
265	только	только	PART	_	_	_	_	_	@mva1988f-words#@mva1988f#3930.873#3931.152
266	вышел	выйти	VERB	_	Aspect=Perf|Gender=Masc|Mood=Ind|Number=Sing|Tense=Past|VerbForm=Fin|Voice=Act	_	_	_	@mva1988f-words#@mva1988f#3931.152#3931.435
267	вот	вот	PART	_	_	_	_	_	@mva1988f-words#@mva1988f#3931.67#3932.199
268	ты	ты	PRON	_	Case=Nom|Number=Sing|Person=2	_	_	_	@mva1988f-words#@mva1988f#3932.346#3933.287
269	общаешься	общаться	VERB	_	Aspect=Imp|Mood=Ind|Number=Sing|Person=2|Tense=Pres|VerbForm=Fin|Voice=Mid	_	_	_	@mva1988f-words#@mva1988f#3933.669#3934.124
270	с	с	ADP	_	_	_	_	_	@mva1988f-words#@mva1988f#3934.124#3934.579
271	людьми	человек	NOUN	_	Animacy=Anim|Case=Ins|Gender=Masc|Number=Plur	_	_	_	@mva1988f-words#@mva1988f#3934.579#3935.034
272	иначе	иначе	ADV	_	_	_	_	_	@mva1988f-words#@mva1988f#3935.034#3935.492
273	ну	ну	PART	_	_	_	_	_	@mva1988f-words#@mva1988f#3936.051#3936.242
274	то	то	PRON	_	Case=Nom|Gender=Neut|Number=Sing	_	_	_	@mva1988f-words#@mva1988f#3936.242#3936.433
275	есть	быть	VERB	_	Aspect=Imp|Mood=Ind|Number=Sing|Person=3|Tense=Pres|VerbForm=Fin|Voice=Act	_	_	_	@mva1988f-words#@mva1988f#3936.433#3936.624
276	я	я	PRON	_	Case=Nom|Number=Sing|Person=1	_	_	_	@mva1988f-words#@mva1988f#3936.624#3936.815
277	себя	себя	PRON	_	Case=Acc	_	_	_	@mva1988f-words#@mva1988f#3936.815#3937.006
278	на	на	ADP	_	_	_	_	_	@mva1988f-words#@mva1988f#3937.006#3937.197
279	этом	это	PRON	_	Case=Loc|Gender=Neut|Number=Sing	_	_	_	@mva1988f-words#@mva1988f#3937.197#3937.388
280	ловила	ловить	VERB	_	Aspect=Imp|Gender=Fem|Mood=Ind|Number=Sing|Tense=Past|VerbForm=Fin|Voice=Act	_	_	_	@mva1988f-words#@mva1988f#3937.388#3937.58
281	если	если	SCONJ	_	_	_	_	_	@mva1988f-words#@mva1988f#3940.256#3940.691
282	тебе	ты	PRON	_	Case=Dat|Number=Sing|Person=2	_	_	_	@mva1988f-words#@mva1988f#3940.691#3941.126
283	кто-то	кто-то	PRON	_	Case=Nom	_	_	_	@mva1988f-words#@mva1988f#3941.126#3941.561
284	что-то	что-то	PRON	_	Case=Acc	_	_	_	@mva1988f-words#@mva1988f#3941.561#3941.996
285	говорит	говорить	VERB	_	Aspect=Imp|Mood=Ind|Number=Sing|Person=3|Tense=Pres|VerbForm=Fin|Voice=Act	_	_	_	@mva1988f-words#@mva1988f#3941.996#3942.433
286	и	и	CCONJ	_	_	_	_	_	@mva1988f-words#@mva1988f#3942.697#3943.256
287	даже	даже	PART	_	_	_	_	_	@mva1988f-words#@mva1988f#3943.256#3943.815
288	хорошее	хороший	ADJ	_	Case=Nom|Degree=Pos|Gender=Neut|Number=Sing	_	_	_	@mva1988f-words#@mva1988f#3944.315#3945.256
289	ты	ты	PRON	_	Case=Nom|Number=Sing|Person=2	_	_	_	@mva1988f-words#@mva1988f#3945.314#3945.873
290	начинаешь	начинать	VERB	_	Aspect=Imp|Mood=Ind|Number=Sing|Person=2|Tense=Pres|VerbForm=Fin|Voice=Act	_	_	_	@mva1988f-words#@mva1988f#3945.873#3946.432
291	первый	первый	ADJ	_	Animacy=Inan|Case=Acc|Degree=Pos|Gender=Masc|Number=Sing	_	_	_	@mva1988f-words#@mva1988f#3947.226#3947.422
292	вопрос	вопрос	NOUN	_	Animacy=Inan|Case=Acc|Gender=Masc|Number=Sing	_	_	_	@mva1988f-words#@mva1988f#3947.422#3947.618
293	который	который	PRON	_	Case=Acc|Gender=Masc|Number=Sing	_	_	_	@mva1988f-words#@mva1988f#3947.618#3947.814
294	ты	ты	PRON	_	Case=Nom|Number=Sing|Person=2	_	_	_	@mva1988f-words#@mva1988f#3947.814#3948.01
295	себе	себя	PRON	_	Case=Dat	_	_	_	@mva1988f-words#@mva1988f#3948.01#3948.206
296	задаёшь	задавать	VERB	_	Aspect=Imp|Mood=Ind|Number=Sing|Person=2|Tense=Pres|VerbForm=Fin|Voice=Act	_	_	_	@mva1988f-words#@mva1988f#3948.206#3948.402
297	это	это	PART	_	_	_	_	_	@mva1988f-words#@mva1988f#3948.402#3948.598
298	вообще	вообще	ADV	_	_	_	_	_	@mva1988f-words#@mva1988f#3948.598#3948.794
299	зачем	зачем	ADV	_	_	_	_	_	@mva1988f-words#@mva1988f#3948.794#3948.99
300	это	это	PRON	_	Case=Acc|Gender=Neut|Number=Sing	_	_	_	@mva1988f-words#@mva1988f#3948.99#3949.186
301	он	он	PRON	_	Case=Nom|Gender=Masc|Number=Sing|Person=3	_	_	_	@mva1988f-words#@mva1988f#3949.186#3949.382
302	сказал	сказать	VERB	_	Aspect=Perf|Gender=Masc|Mood=Ind|Number=Sing|Tense=Past|VerbForm=Fin|Voice=Act	_	_	_	@mva1988f-words#@mva1988f#3949.382#3949.579
303	ну	ну	PART	_	_	_	_	_	@mva1988f-words#@mva1988f#3951.343#3951.607
304	то	то	PRON	_	Case=Nom|Gender=Neut|Number=Sing	_	_	_	@mva1988f-words#@mva1988f#3951.607#3951.871
305	есть	быть	VERB	_	Aspect=Imp|Mood=Ind|Number=Sing|Person=3|Tense=Pres|VerbForm=Fin|Voice=Act	_	_	_	@mva1988f-words#@mva1988f#3951.871#3952.135
306	ему	он	PRON	_	Case=Dat|Gender=Masc|Number=Sing|Person=3	_	_	_	@mva1988f-words#@mva1988f#3952.135#3952.399
307	вообще	вообще	ADV	_	_	_	_	_	@mva1988f-words#@mva1988f#3952.399#3952.663
308	то	то	PRON	_	Case=Nom|Gender=Neut|Number=Sing	_	_	_	@mva1988f-words#@mva1988f#3952.663#3952.927
309	есть	быть	VERB	_	Aspect=Imp|Mood=Ind|Number=Sing|Person=3|Tense=Pres|VerbForm=Fin|Voice=Act	_	_	_	@mva1988f-words#@mva1988f#3952.927#3953.191
310	чего	что	PRON	_	Case=Gen	_	_	_	@mva1988f-words#@mva1988f#3953.191#3953.455
311	он	он	PRON	_	Case=Nom|Gender=Masc|Number=Sing|Person=3	_	_	_	@mva1988f-words#@mva1988f#3953.455#3953.719
312	вообще	вообще	ADV	_	_	_	_	_	@mva1988f-words#@mva1988f#3953.719#3953.983
313	хочет-то	хотеть	VERB	_	Aspect=Imp|Mood=Ind|Number=Sing|Person=3|Tense=Pres|VerbForm=Fin|Voice=Act	_	_	_	@mva1988f-words#@mva1988f#3953.983#3954.247
314	на	на	ADP	_	_	_	_	_	@mva1988f-words#@mva1988f#3954.247#3954.511
315	самом	самый	ADJ	_	Case=Loc|Degree=Pos|Gender=Neut|Number=Sing	_	_	_	@mva1988f-words#@mva1988f#3954.511#3954.775
316	деле	дело	NOUN	_	Animacy=Inan|Case=Loc|Gender=Neut|Number=Sing	_	_	_	@mva1988f-words#@mva1988f#3954.775#3955.049
317	потому	потому	SCONJ	_	_	_	_	_	@mva1988f-words#@mva1988f#3955.373#3955.831
318	что	что	SCONJ	_	_	_	_	_	@mva1988f-words#@mva1988f#3955.831#3956.289
319	лицемерия	лицемерие	NOUN	_	Animacy=Inan|Case=Gen|Gender=Fem|Number=Sing	_	_	_	@mva1988f-words#@mva1988f#3956.289#3956.747
320	очень	очень	ADV	_	_	_	_	_	@mva1988f-words#@mva1988f#3956.747#3957.205
321	много	много	ADV	_	Degree=Pos	_	_	_	@mva1988f-words#@mva1988f#3957.205#3957.667
322	ну	ну	PART	_	_	_	_	_	@mva1988f-words#@mva1988f#3958.432#3958.865
323	то	то	PRON	_	Case=Nom|Gender=Neut|Number=Sing	_	_	_	@mva1988f-words#@mva1988f#3958.865#3959.298
324	есть	быть	VERB	_	Aspect=Imp|Mood=Ind|Number=Sing|Person=3|Tense=Pres|VerbForm=Fin|Voice=Act	_	_	_	@mva1988f-words#@mva1988f#3959.298#3959.731
325	оно	оно	PRON	_	Case=Nom|Gender=Neut|Number=Sing|Person=3	_	_	_	@mva1988f-words#@mva1988f#3959.731#3960.164
326	просто	просто	PART	_	_	_	_	_	@mva1988f-words#@mva1988f#3960.164#3960.597
327	пронизывает	пронизывать	VERB	_	Aspect=Imp|Mood=Ind|Number=Sing|Person=3|Tense=Pres|VerbForm=Fin|Voice=Act	_	_	_	@mva1988f-words#@mva1988f#3960.597#3961.03
328	всё	весь	DET	_	Case=Acc|Gender=Neut|Number=Sing	_	_	_	@mva1988f-words#@mva1988f#3961.03#3961.463
329	общение	общение	NOUN	_	Animacy=Inan|Case=Acc|Gender=Neut|Number=Sing	_	_	_	@mva1988f-words#@mva1988f#3961.463#3961.902
330	ааа	аа	INTJ	_	_	_	_	_	@mva1988f-words#@mva1988f#3962.344#3963.108
331	женской	женский	ADJ	_	Case=Gen|Gender=Fem|Number=Sing	_	_	_	@mva1988f-words#@mva1988f#3963.255#3963.843
332	исправительной	исправительный	ADJ	_	Case=Gen|Degree=Pos|Gender=Fem|Number=Sing	_	_	_	@mva1988f-words#@mva1988f#3963.843#3964.431
333	колонии	колония	NOUN	_	Animacy=Inan|Case=Gen|Gender=Fem|Number=Sing	_	_	_	@mva1988f-words#@mva1988f#3964.431#3965.02
334	а	а	CCONJ	_	_	_	_	_	@mva1988f-words#@mva1988f#3968.549#3968.794
335	я	я	PRON	_	Case=Nom|Number=Sing|Person=1	_	_	_	@mva1988f-words#@mva1988f#3968.794#3969.039
336	не	не	PART	_	_	_	_	_	@mva1988f-words#@mva1988f#3969.039#3969.284
337	перешагивала	перешагивать	VERB	_	Aspect=Imp|Gender=Fem|Mood=Ind|Number=Sing|Tense=Past|VerbForm=Fin|Voice=Act	_	_	_	@mva1988f-words#@mva1988f#3969.284#3969.529
338	никакой	никакой	DET	_	Case=Acc|Gender=Masc|Number=Sing	_	_	_	@mva1988f-words#@mva1988f#3969.529#3969.774
339	порог	порог	NOUN	_	Animacy=Inan|Case=Acc|Gender=Masc|Number=Sing	_	_	_	@mva1988f-words#@mva1988f#3969.774#3970.019
340	в	в	ADP	_	_	_	_	_	@mva1988f-words#@mva1988f#3970.402#3970.622
341	том-то	то	PRON	_	Case=Loc|Gender=Neut|Number=Sing	_	_	_	@mva1988f-words#@mva1988f#3970.622#3970.842
342	и	и	PART	_	_	_	_	_	@mva1988f-words#@mva1988f#3970.842#3971.062
343	дело	дело	NOUN	_	Animacy=Inan|Case=Nom|Gender=Neut|Number=Sing	_	_	_	@mva1988f-words#@mva1988f#3971.062#3971.284
344	со	с	ADP	_	_	_	_	_	@mva1988f-words#@mva1988f#3971.519#3971.743
345	мной	я	PRON	_	Case=Ins|Number=Sing|Person=1	_	_	_	@mva1988f-words#@mva1988f#3971.743#3971.967
346	смотри	смотреть	VERB	_	Aspect=Imp|Mood=Imp|Number=Sing|Person=2|VerbForm=Fin|Voice=Act	_	_	_	@mva1988f-words#@mva1988f#3971.967#3972.191
347	со	с	ADP	_	_	_	_	_	@mva1988f-words#@mva1988f#3972.191#3972.415
348	мной	я	PRON	_	Case=Ins|Number=Sing|Person=1	_	_	_	@mva1988f-words#@mva1988f#3972.415#3972.639
349	произошла	произойти	VERB	_	Aspect=Perf|Gender=Fem|Mood=Ind|Number=Sing|Tense=Past|VerbForm=Fin|Voice=Act	_	_	_	@mva1988f-words#@mva1988f#3972.639#3972.863
350	очень	очень	ADV	_	_	_	_	_	@mva1988f-words#@mva1988f#3972.863#3973.087
351	смешная	смешной	ADJ	_	Case=Nom|Degree=Pos|Gender=Fem|Number=Sing	_	_	_	@mva1988f-words#@mva1988f#3973.087#3973.311
352	история	история	NOUN	_	Animacy=Inan|Case=Nom|Gender=Fem|Number=Sing	_	_	_	@mva1988f-words#@mva1988f#3973.311#3973.535
353	то	то	PRON	_	Case=Nom|Gender=Neut|Number=Sing	_	_	_	@mva1988f-words#@mva1988f#3973.535#3973.759
354	есть	быть	VERB	_	Aspect=Imp|Mood=Ind|Number=Sing|Person=3|Tense=Pres|VerbForm=Fin|Voice=Act	_	_	_	@mva1988f-words#@mva1988f#3973.759#3973.99
355	Путин	Путин	PROPN	_	Animacy=Anim|Case=Nom|Gender=Masc|Number=Sing	_	_	_	@mva1988f-words#@mva1988f#3974.931#3975.283
356	подписал	подписать	VERB	_	Aspect=Perf|Gender=Masc|Mood=Ind|Number=Sing|Tense=Past|VerbForm=Fin|Voice=Act	_	_	_	@mva1988f-words#@mva1988f#3975.283#3975.635
357	закон	закон	NOUN	_	Animacy=Inan|Case=Acc|Gender=Masc|Number=Sing	_	_	_	@mva1988f-words#@mva1988f#3975.635#3975.987
358	об	о	ADP	_	_	_	_	_	@mva1988f-words#@mva1988f#3975.987#3976.339
359	амнистии	амнистия	NOUN	_	Animacy=Inan|Case=Loc|Gender=Fem|Number=Sing	_	_	_	@mva1988f-words#@mva1988f#3976.339#3976.695
360	я	я	PRON	_	Case=Nom|Number=Sing|Person=1	_	_	_	@mva1988f-words#@mva1988f#3977.225#3977.493
361	не	не	PART	_	_	_	_	_	@mva1988f-words#@mva1988f#3977.493#3977.761
362	хотела	хотеть	VERB	_	Aspect=Imp|Gender=Fem|Mood=Ind|Number=Sing|Tense=Past|VerbForm=Fin|Voice=Act	_	_	_	@mva1988f-words#@mva1988f#3977.761#3978.029
363	выходить	выходить	VERB	_	Aspect=Imp|VerbForm=Inf|Voice=Act	_	_	_	@mva1988f-words#@mva1988f#3978.029#3978.297
364	по	по	ADP	_	_	_	_	_	@mva1988f-words#@mva1988f#3978.297#3978.565
365	этой	этот	DET	_	Case=Dat|Gender=Fem|Number=Sing	_	_	_	@mva1988f-words#@mva1988f#3978.565#3978.833
366	амнистии	амнистия	NOUN	_	Animacy=Inan|Case=Dat|Gender=Fem|Number=Sing	_	_	_	@mva1988f-words#@mva1988f#3978.833#3979.107
367	поэтому	поэтому	ADV	_	_	_	_	_	@mva1988f-words#@mva1988f#3979.401#3980.343
368	у	у	ADP	_	_	_	_	_	@mva1988f-words#@mva1988f#3980.46#3980.778
369	нас	мы	PRON	_	Case=Gen|Number=Plur|Person=1	_	_	_	@mva1988f-words#@mva1988f#3980.778#3981.096
370	существовали	существовать	VERB	_	Aspect=Imp|Mood=Ind|Number=Plur|Tense=Past|VerbForm=Fin|Voice=Act	_	_	_	@mva1988f-words#@mva1988f#3981.096#3981.414
371	такие	такой	DET	_	Case=Nom|Number=Plur	_	_	_	@mva1988f-words#@mva1988f#3981.414#3981.732
372	бега	бег	NOUN	_	Animacy=Inan|Case=Nom|Gender=Masc|Number=Plur	_	_	_	@mva1988f-words#@mva1988f#3981.732#3982.05
373	как	как	ADV	_	_	_	_	_	@mva1988f-words#@mva1988f#3982.05#3982.368
374	бы	бы	PART	_	_	_	_	_	@mva1988f-words#@mva1988f#3982.368#3982.686
375	меня	я	PRON	_	Case=Acc|Number=Sing|Person=1	_	_	_	@mva1988f-words#@mva1988f#3982.686#3983.004
376	от	от	ADP	_	_	_	_	_	@mva1988f-words#@mva1988f#3983.004#3983.322
377	сотрудников	сотрудник	NOUN	_	Animacy=Anim|Case=Gen|Gender=Masc|Number=Plur	_	_	_	@mva1988f-words#@mva1988f#3983.322#3983.64
378	которые	который	PRON	_	Case=Nom|Number=Plur	_	_	_	@mva1988f-words#@mva1988f#3983.64#3983.958
379	пытались	пытаться	VERB	_	Aspect=Imp|Mood=Ind|Number=Plur|Tense=Past|VerbForm=Fin|Voice=Mid	_	_	_	@mva1988f-words#@mva1988f#3983.958#3984.276
380	сделать	сделать	VERB	_	Aspect=Perf|VerbForm=Inf|Voice=Act	_	_	_	@mva1988f-words#@mva1988f#3984.276#3984.594
381	так	так	ADV	_	_	_	_	_	@mva1988f-words#@mva1988f#3984.594#3984.912
382	чтобы	чтобы	SCONJ	_	_	_	_	_	@mva1988f-words#@mva1988f#3984.912#3985.23
383	я	я	PRON	_	Case=Nom|Number=Sing|Person=1	_	_	_	@mva1988f-words#@mva1988f#3985.23#3985.548
384	поставила	поставить	VERB	_	Aspect=Perf|Gender=Fem|Mood=Ind|Number=Sing|Tense=Past|VerbForm=Fin|Voice=Act	_	_	_	@mva1988f-words#@mva1988f#3985.548#3985.866
385	эту	этот	DET	_	Case=Acc|Gender=Fem|Number=Sing	_	_	_	@mva1988f-words#@mva1988f#3985.866#3986.184
386	подпись	подпись	NOUN	_	Animacy=Inan|Case=Acc|Gender=Fem|Number=Sing	_	_	_	@mva1988f-words#@mva1988f#3986.184#3986.519
387	я	я	PRON	_	Case=Nom|Number=Sing|Person=1	_	_	_	@mva1988f-words#@mva1988f#3986.96#3987.312
388	её	она	PRON	_	Case=Acc|Gender=Fem|Number=Sing|Person=3	_	_	_	@mva1988f-words#@mva1988f#3987.312#3987.664
389	не	не	PART	_	_	_	_	_	@mva1988f-words#@mva1988f#3987.664#3988.016
390	ставила	ставить	VERB	_	Aspect=Imp|Gender=Fem|Mood=Ind|Number=Sing|Tense=Past|VerbForm=Fin|Voice=Act	_	_	_	@mva1988f-words#@mva1988f#3988.016#3988.368
391	я	я	PRON	_	Case=Nom|Number=Sing|Person=1	_	_	_	@mva1988f-words#@mva1988f#3988.368#3988.724
392	как	как	SCONJ	_	_	_	_	_	@mva1988f-words#@mva1988f#3988.901#3989.188
393	только	только	PART	_	_	_	_	_	@mva1988f-words#@mva1988f#3989.188#3989.475
394	я	я	PRON	_	Case=Nom|Number=Sing|Person=1	_	_	_	@mva1988f-words#@mva1988f#3989.475#3989.762
395	понимала	понимать	VERB	_	Aspect=Imp|Gender=Fem|Mood=Ind|Number=Sing|Tense=Past|VerbForm=Fin|Voice=Act	_	_	_	@mva1988f-words#@mva1988f#3989.762#3990.049
396	что	что	SCONJ	_	_	_	_	_	@mva1988f-words#@mva1988f#3990.049#3990.336
397	они	они	PRON	_	Case=Nom|Number=Plur|Person=3	_	_	_	@mva1988f-words#@mva1988f#3990.336#3990.623
398	сейчас	сейчас	ADV	_	_	_	_	_	@mva1988f-words#@mva1988f#3990.623#3990.91
399	придут	прийти	VERB	_	Aspect=Perf|Mood=Ind|Number=Plur|Person=3|Tense=Fut|VerbForm=Fin|Voice=Act	_	_	_	@mva1988f-words#@mva1988f#3990.91#3991.197
400	и	и	CCONJ	_	_	_	_	_	@mva1988f-words#@mva1988f#3991.197#3991.484
401	принесут	принести	VERB	_	Aspect=Perf|Mood=Ind|Number=Plur|Person=3|Tense=Fut|VerbForm=Fin|Voice=Act	_	_	_	@mva1988f-words#@mva1988f#3991.484#3991.771
402	бумаги	бумага	NOUN	_	Animacy=Inan|Case=Acc|Gender=Fem|Number=Plur	_	_	_	@mva1988f-words#@mva1988f#3991.771#3992.058
403	я	я	PRON	_	Case=Nom|Number=Sing|Person=1	_	_	_	@mva1988f-words#@mva1988f#3992.058#3992.345
404	оказывалась	оказываться	VERB	_	Aspect=Imp|Gender=Fem|Mood=Ind|Number=Sing|Tense=Past|VerbForm=Fin|Voice=Mid	_	_	_	@mva1988f-words#@mva1988f#3992.345#3992.632
405	в	в	ADP	_	_	_	_	_	@mva1988f-words#@mva1988f#3992.632#3992.919
406	каком-нибудь	какой-нибудь	DET	_	Case=Loc|Gender=Neut|Number=Sing	_	_	_	@mva1988f-words#@mva1988f#3992.919#3993.206
407	другом	другой	ADJ	_	Case=Loc|Degree=Pos|Gender=Neut|Number=Sing	_	_	_	@mva1988f-words#@mva1988f#3993.206#3993.493
408	месте	место	NOUN	_	Animacy=Inan|Case=Loc|Gender=Neut|Number=Sing	_	_	_	@mva1988f-words#@mva1988f#3993.493#3993.783
409	я	я	PRON	_	Case=Nom|Number=Sing|Person=1	_	_	_	@mva1988f-words#@mva1988f#3997.519#3997.86
410	просто	просто	PART	_	_	_	_	_	@mva1988f-words#@mva1988f#3997.86#3998.201
411	не	не	PART	_	_	_	_	_	@mva1988f-words#@mva1988f#3998.201#3998.542
412	считаю	считать	VERB	_	Aspect=Imp|Mood=Ind|Number=Sing|Person=1|Tense=Pres|VerbForm=Fin|Voice=Act	_	_	_	@mva1988f-words#@mva1988f#3998.542#3998.883
413	что	что	SCONJ	_	_	_	_	_	@mva1988f-words#@mva1988f#3998.883#3999.225
414	за	за	ADP	_	_	_	_	_	@mva1988f-words#@mva1988f#4000.137#4000.47
415	два	два	NUM	_	Animacy=Inan|Case=Acc|Gender=Masc	_	_	_	@mva1988f-words#@mva1988f#4000.47#4000.803
416	месяца	месяц	NOUN	_	Animacy=Inan|Case=Gen|Gender=Masc|Number=Sing	_	_	_	@mva1988f-words#@mva1988f#4000.803#4001.136
417	до	до	ADP	_	_	_	_	_	@mva1988f-words#@mva1988f#4001.136#4001.469
418	конца	конец	NOUN	_	Animacy=Inan|Case=Gen|Gender=Masc|Number=Sing	_	_	_	@mva1988f-words#@mva1988f#4001.469#4001.802
419	срока	срок	NOUN	_	Animacy=Inan|Case=Gen|Gender=Masc|Number=Sing	_	_	_	@mva1988f-words#@mva1988f#4001.802#4002.137
420	с	с	ADP	_	_	_	_	_	@mva1988f-words#@mva1988f#4002.608#4003.083
421	помпой	помпа	NOUN	_	Animacy=Inan|Case=Ins|Gender=Fem|Number=Sing	_	_	_	@mva1988f-words#@mva1988f#4003.083#4003.558
422	перед	перед	ADP	_	_	_	_	_	@mva1988f-words#@mva1988f#4003.558#4004.033
423	олимпийскими	олимпийский	ADJ	_	Case=Ins|Degree=Pos|Number=Plur	_	_	_	@mva1988f-words#@mva1988f#4004.033#4004.508
424	играми	игра	NOUN	_	Animacy=Inan|Case=Ins|Gender=Fem|Number=Plur	_	_	_	@mva1988f-words#@mva1988f#4004.508#4004.983
425	и	и	CCONJ	_	_	_	_	_	@mva1988f-words#@mva1988f#4004.983#4005.458
426	попытками	попытка	NOUN	_	Animacy=Inan|Case=Ins|Gender=Fem|Number=Plur	_	_	_	@mva1988f-words#@mva1988f#4005.458#4005.933
427	сохранить	сохранить	VERB	_	Aspect=Perf|VerbForm=Inf|Voice=Act	_	_	_	@mva1988f-words#@mva1988f#4005.933#4006.408
428	своё	свой	DET	_	Case=Acc|Gender=Neut|Number=Sing	_	_	_	@mva1988f-words#@mva1988f#4006.408#4006.883
429	лицо	лицо	NOUN	_	Animacy=Inan|Case=Acc|Gender=Neut|Number=Sing	_	_	_	@mva1988f-words#@mva1988f#4006.883#4007.358
430	перед	перед	ADP	_	_	_	_	_	@mva1988f-words#@mva1988f#4007.358#4007.833
431	Западом	Запад	PROPN	_	Animacy=Inan|Case=Ins|Gender=Masc|Number=Sing	_	_	_	@mva1988f-words#@mva1988f#4007.833#4008.314
432	амм	амм	INTJ	_	_	_	_	_	@mva1988f-words#@mva1988f#4008.814#4009.638
433	можно	можно	DET	_	_	_	_	_	@mva1988f-words#@mva1988f#4010.108#4010.932
434	там	там	ADV	_	_	_	_	_	@mva1988f-words#@mva1988f#4011.344#4011.785
435	писать	писать	VERB	_	Aspect=Imp|VerbForm=Inf|Voice=Act	_	_	_	@mva1988f-words#@mva1988f#4011.785#4012.226
436	какую-то	какой-то	DET	_	Case=Acc|Gender=Fem|Number=Sing	_	_	_	@mva1988f-words#@mva1988f#4012.226#4012.667
437	амнистию	амнистия	NOUN	_	Animacy=Inan|Case=Acc|Gender=Fem|Number=Sing	_	_	_	@mva1988f-words#@mva1988f#4012.667#4013.108
438	амнистия	амнистия	NOUN	_	Animacy=Inan|Case=Nom|Gender=Fem|Number=Sing	_	_	_	@mva1988f-words#@mva1988f#4013.403#4013.922
439	блин	блин	PART	_	_	_	_	_	@mva1988f-words#@mva1988f#4013.922#4014.441
440	для	для	ADP	_	_	_	_	_	@mva1988f-words#@mva1988f#4014.441#4014.96
441	женщин-заключённых	женщина-заключённая	NOUN	_	Animacy=Inan|Case=Gen|Gender=Fem|Number=Plur	_	_	_	@mva1988f-words#@mva1988f#4014.96#4015.479
442	с	с	ADP	_	_	_	_	_	@mva1988f-words#@mva1988f#4015.479#4015.998
443	детьми	ребенок	NOUN	_	Animacy=Anim|Case=Ins|Gender=Masc|Number=Plur	_	_	_	@mva1988f-words#@mva1988f#4015.998#4016.52
444	женщин-заключённых	женщина-заключённая	NOUN	_	Animacy=Inan|Case=Gen|Gender=Fem|Number=Plur	_	_	_	@mva1988f-words#@mva1988f#4017.196#4017.696
445	по	по	ADP	_	_	_	_	_	@mva1988f-words#@mva1988f#4017.696#4018.196
446	всей	весь	DET	_	Case=Dat|Gender=Fem|Number=Sing	_	_	_	@mva1988f-words#@mva1988f#4018.196#4018.696
447	России	Россия	PROPN	_	Animacy=Inan|Case=Dat|Gender=Fem|Number=Sing	_	_	_	@mva1988f-words#@mva1988f#4018.696#4019.196
448	сидят	сидеть	VERB	_	Aspect=Imp|Mood=Ind|Number=Plur|Person=3|Tense=Pres|VerbForm=Fin|Voice=Act	_	_	_	@mva1988f-words#@mva1988f#4019.196#4019.696
449	тысячи	тысяча	NOUN	_	Animacy=Inan|Case=Nom|Gender=Fem|Number=Plur	_	_	_	@mva1988f-words#@mva1988f#4019.696#4020.196
450	знаешь	знать	VERB	_	Aspect=Imp|Mood=Ind|Number=Sing|Person=2|Tense=Pres|VerbForm=Fin|Voice=Act	_	_	_	@mva1988f-words#@mva1988f#4020.99#4021.259
451	сколько	сколько	PRON	_	_	_	_	_	@mva1988f-words#@mva1988f#4021.259#4021.528
452	вышло	выйти	VERB	_	Aspect=Perf|Gender=Neut|Mood=Ind|Number=Sing|Tense=Past|VerbForm=Fin|Voice=Act	_	_	_	@mva1988f-words#@mva1988f#4021.528#4021.797
453	по	по	ADP	_	_	_	_	_	@mva1988f-words#@mva1988f#4021.797#4022.066
454	этой	этот	DET	_	Case=Dat|Gender=Fem|Number=Sing	_	_	_	@mva1988f-words#@mva1988f#4022.066#4022.335
455	амнистии	амнистия	NOUN	_	Animacy=Inan|Case=Dat|Gender=Fem|Number=Sing	_	_	_	@mva1988f-words#@mva1988f#4022.335#4022.604
456	?	?	PUNCT	_	_	_	_	_	@mva1988f-words#@mva1988f#4022.604#4022.873
457	пять	пять	NUM	_	Case=Nom	_	_	_	@mva1988f-words#@mva1988f#4022.99#4023.254
458	!	!	PUNCT	_	_	_	_	_	@mva1988f-words#@mva1988f#4023.254#4023.519
459	пять	пять	NUM	_	Case=Nom	_	_	_	@mva1988f-words#@mva1988f#4025.078#4025.372
460	!	!	PUNCT	_	_	_	_	_	@mva1988f-words#@mva1988f#4025.372#4025.666
461	двоим	двое	NUM	_	Case=Dat	_	_	_	@mva1988f-words#@mva1988f#4025.843#4026.107
462	из	из	ADP	_	_	_	_	_	@mva1988f-words#@mva1988f#4026.107#4026.371
463	которых	который	DET	_	Case=Gen|Number=Plur	_	_	_	@mva1988f-words#@mva1988f#4026.371#4026.635
464	это	это	PRON	_	Case=Nom|Gender=Neut|Number=Sing	_	_	_	@mva1988f-words#@mva1988f#4026.635#4026.899
465	нахер	нахер	ADV	_	_	_	_	_	@mva1988f-words#@mva1988f#4026.899#4027.163
466	не	не	PART	_	_	_	_	_	@mva1988f-words#@mva1988f#4027.163#4027.427
467	не	не	PART	_	_	_	_	_	@mva1988f-words#@mva1988f#4027.427#4027.691
468	было	быть	VERB	_	Aspect=Imp|Gender=Neut|Mood=Ind|Number=Sing|Tense=Past|VerbForm=Fin|Voice=Act	_	_	_	@mva1988f-words#@mva1988f#4027.691#4027.955
469	простите	простить	VERB	_	Aspect=Perf|Mood=Imp|Number=Plur|Person=2|VerbForm=Fin|Voice=Act	_	_	_	@mva1988f-words#@mva1988f#4027.955#4028.219
470	надо	надо	ADV	_	Degree=Pos	_	_	_	@mva1988f-words#@mva1988f#4028.219#4028.49
471	двое	двое	NUM	_	Case=Nom	_	_	_	@mva1988f-words#@mva1988f#4030.078#4030.357
472	я	я	PRON	_	Case=Nom|Number=Sing|Person=1	_	_	_	@mva1988f-words#@mva1988f#4030.357#4030.636
473	и	и	CCONJ	_	_	_	_	_	@mva1988f-words#@mva1988f#4030.636#4030.915
474	Надя	Надя	PROPN	_	Animacy=Anim|Case=Nom|Gender=Fem|Number=Sing	_	_	_	@mva1988f-words#@mva1988f#4030.915#4031.196
475	поэтому	поэтому	ADV	_	_	_	_	_	@mva1988f-words#@mva1988f#4031.519#4032.461
476	в	в	ADP	_	_	_	_	_	@mva1988f-words#@mva1988f#4032.637#4032.967
477	какой-то	какой-то	DET	_	Case=Acc|Gender=Masc|Number=Sing	_	_	_	@mva1988f-words#@mva1988f#4032.967#4033.297
478	момент	момент	NOUN	_	Animacy=Inan|Case=Acc|Gender=Masc|Number=Sing	_	_	_	@mva1988f-words#@mva1988f#4033.297#4033.627
479	мне	я	PRON	_	Case=Dat|Number=Sing|Person=1	_	_	_	@mva1988f-words#@mva1988f#4033.627#4033.957
480	сказали	сказать	VERB	_	Aspect=Perf|Mood=Ind|Number=Plur|Tense=Past|VerbForm=Fin|Voice=Act	_	_	_	@mva1988f-words#@mva1988f#4033.957#4034.287
481	что	что	SCONJ	_	_	_	_	_	@mva1988f-words#@mva1988f#4034.287#4034.617
482	приехал	приехать	VERB	_	Aspect=Perf|Gender=Masc|Mood=Ind|Number=Sing|Tense=Past|VerbForm=Fin|Voice=Act	_	_	_	@mva1988f-words#@mva1988f#4034.617#4034.947
483	адвокат	адвокат	NOUN	_	Animacy=Inan|Case=Nom|Gender=Masc|Number=Sing	_	_	_	@mva1988f-words#@mva1988f#4034.947#4035.284
484	привели	привести	VERB	_	Aspect=Perf|Mood=Ind|Number=Plur|Tense=Past|VerbForm=Fin|Voice=Act	_	_	_	@mva1988f-words#@mva1988f#4035.666#4036.019
485	в	в	ADP	_	_	_	_	_	@mva1988f-words#@mva1988f#4036.019#4036.372
486	комнату	комната	NOUN	_	Animacy=Inan|Case=Acc|Gender=Fem|Number=Sing	_	_	_	@mva1988f-words#@mva1988f#4036.372#4036.725
487	а	а	CCONJ	_	_	_	_	_	@mva1988f-words#@mva1988f#4037.313#4037.548
488	там	там	ADV	_	_	_	_	_	@mva1988f-words#@mva1988f#4037.548#4037.783
489	были	быть	VERB	_	Aspect=Imp|Mood=Ind|Number=Plur|Tense=Past|VerbForm=Fin|Voice=Act	_	_	_	@mva1988f-words#@mva1988f#4037.783#4038.018
490	все	весь	DET	_	Case=Nom|Number=Plur	_	_	_	@mva1988f-words#@mva1988f#4038.018#4038.253
491	мои	мой	DET	_	Case=Nom|Number=Plur	_	_	_	@mva1988f-words#@mva1988f#4038.253#4038.488
492	вещи	вещь	NOUN	_	Animacy=Inan|Case=Nom|Gender=Fem|Number=Plur	_	_	_	@mva1988f-words#@mva1988f#4038.488#4038.724
493	потом	потом	ADV	_	_	_	_	_	@mva1988f-words#@mva1988f#4039.988#4040.321
494	эти	этот	DET	_	Case=Acc|Number=Plur	_	_	_	@mva1988f-words#@mva1988f#4040.321#4040.654
495	вещи	вещь	NOUN	_	Animacy=Inan|Case=Acc|Gender=Fem|Number=Plur	_	_	_	@mva1988f-words#@mva1988f#4040.654#4040.988
496	ммм	мм	INTJ	_	_	_	_	_	@mva1988f-words#@mva1988f#4041.488#4042.253
497	из	из	ADP	_	_	_	_	_	@mva1988f-words#@mva1988f#4042.87#4043.27
498	этой	этот	DET	_	Case=Gen|Gender=Fem|Number=Sing	_	_	_	@mva1988f-words#@mva1988f#4043.27#4043.67
499	комнаты	комната	NOUN	_	Animacy=Inan|Case=Gen|Gender=Fem|Number=Sing	_	_	_	@mva1988f-words#@mva1988f#4043.67#4044.07
500	вынесли	вынести	VERB	_	Aspect=Perf|Mood=Ind|Number=Plur|Tense=Past|VerbForm=Fin|Voice=Act	_	_	_	@mva1988f-words#@mva1988f#4044.07#4044.47
501	сотрудники	сотрудник	NOUN	_	Animacy=Anim|Case=Nom|Gender=Masc|Number=Plur	_	_	_	@mva1988f-words#@mva1988f#4044.47#4044.87
502	и	и	CCONJ	_	_	_	_	_	@mva1988f-words#@mva1988f#4046.282#4046.85
503	есть	быть	VERB	_	Aspect=Imp|Mood=Ind|Number=Sing|Person=3|Tense=Pres|VerbForm=Fin|Voice=Act	_	_	_	@mva1988f-words#@mva1988f#4046.85#4047.418
504	между	между	ADP	_	_	_	_	_	@mva1988f-words#@mva1988f#4047.418#4047.988
505	воротами	ворота	NOUN	_	Animacy=Inan|Case=Ins|Gender=Masc|Number=Plur	_	_	_	@mva1988f-words#@mva1988f#4048.194#4048.488
506	в	в	ADP	_	_	_	_	_	@mva1988f-words#@mva1988f#4048.488#4048.782
507	зону	зона	NOUN	_	Animacy=Inan|Case=Acc|Gender=Fem|Number=Sing	_	_	_	@mva1988f-words#@mva1988f#4048.782#4049.076
508	и	и	CCONJ	_	_	_	_	_	@mva1988f-words#@mva1988f#4049.812#4050.129
509	воротами	ворота	NOUN	_	Animacy=Inan|Case=Ins|Gender=Masc|Number=Plur	_	_	_	@mva1988f-words#@mva1988f#4050.129#4050.446
510	на	на	ADP	_	_	_	_	_	@mva1988f-words#@mva1988f#4050.446#4050.763
511	волю	воля	NOUN	_	Animacy=Inan|Case=Acc|Gender=Fem|Number=Sing	_	_	_	@mva1988f-words#@mva1988f#4050.763#4051.08
512	отсек	отсек	NOUN	_	Animacy=Inan|Case=Nom|Gender=Fem|Number=Sing	_	_	_	@mva1988f-words#@mva1988f#4051.08#4051.4
513	называется	называться	VERB	_	Aspect=Imp|Mood=Ind|Number=Sing|Person=3|Tense=Pres|VerbForm=Fin|Voice=Mid	_	_	_	@mva1988f-words#@mva1988f#4051.9#4052.429
514	шлюз	шлюз	NOUN	_	Animacy=Inan|Case=Nom|Gender=Masc|Number=Sing	_	_	_	@mva1988f-words#@mva1988f#4052.429#4052.959
515	такой	такой	DET	_	Case=Nom|Gender=Masc|Number=Sing	_	_	_	@mva1988f-words#@mva1988f#4053.194#4053.488
516	грязный	грязный	ADJ	_	Case=Nom|Degree=Pos|Gender=Masc|Number=Sing	_	_	_	@mva1988f-words#@mva1988f#4053.488#4053.782
517	квадрат	квадрат	NOUN	_	Animacy=Inan|Case=Nom|Gender=Masc|Number=Sing	_	_	_	@mva1988f-words#@mva1988f#4053.782#4054.076
518	пять	пять	NUM	_	Case=Nom	_	_	_	@mva1988f-words#@mva1988f#4054.076#4054.37
519	на	на	ADP	_	_	_	_	_	@mva1988f-words#@mva1988f#4054.37#4054.664
520	пять	пять	NUM	_	Case=Acc	_	_	_	@mva1988f-words#@mva1988f#4054.664#4054.959
521	мм	мм	INTJ	_	_	_	_	_	@mva1988f-words#@mva1988f#4055.429#4055.958
522	в	в	ADP	_	_	_	_	_	@mva1988f-words#@mva1988f#4056.105#4056.487
523	который	который	DET	_	Case=Acc|Gender=Masc|Number=Sing	_	_	_	@mva1988f-words#@mva1988f#4056.487#4056.869
524	въезжает	въезжать	VERB	_	Aspect=Imp|Mood=Ind|Number=Sing|Person=3|Tense=Pres|VerbForm=Fin|Voice=Act	_	_	_	@mva1988f-words#@mva1988f#4056.869#4057.251
525	автозак	автозак	NOUN	_	Animacy=Inan|Case=Nom|Gender=Masc|Number=Sing	_	_	_	@mva1988f-words#@mva1988f#4057.251#4057.634
526	иии	и	CCONJ	_	_	_	_	_	@mva1988f-words#@mva1988f#4058.457#4059.457
527	где	где	ADV	_	_	_	_	_	@mva1988f-words#@mva1988f#4060.133#4060.603
528	разгружают	разгружать	VERB	_	Aspect=Imp|Mood=Ind|Number=Plur|Person=3|Tense=Pres|VerbForm=Fin|Voice=Act	_	_	_	@mva1988f-words#@mva1988f#4060.603#4061.074
529	заключённых	заключённый	ADJ	_	Case=Acc|Number=Plur	_	_	_	@mva1988f-words#@mva1988f#4062.897#4063.78
530	хотя	хотя	SCONJ	_	_	_	_	_	@mva1988f-words#@mva1988f#4064.103#4064.377
531	мне	я	PRON	_	Case=Dat|Number=Sing|Person=1	_	_	_	@mva1988f-words#@mva1988f#4064.377#4064.651
532	и	и	PART	_	_	_	_	_	@mva1988f-words#@mva1988f#4064.651#4064.925
533	не	не	PART	_	_	_	_	_	@mva1988f-words#@mva1988f#4064.925#4065.199
534	нравится	нравиться	VERB	_	Aspect=Imp|Mood=Ind|Number=Sing|Person=3|Tense=Pres|VerbForm=Fin|Voice=Mid	_	_	_	@mva1988f-words#@mva1988f#4065.199#4065.473
535	это	этот	DET	_	Case=Acc|Gender=Neut|Number=Sing	_	_	_	@mva1988f-words#@mva1988f#4065.473#4065.747
536	выражение	выражение	NOUN	_	Animacy=Inan|Case=Acc|Gender=Neut|Number=Sing	_	_	_	@mva1988f-words#@mva1988f#4065.747#4066.021
537	вот	вот	PART	_	_	_	_	_	@mva1988f-words#@mva1988f#4066.021#4066.295
538	в	в	ADP	_	_	_	_	_	@mva1988f-words#@mva1988f#4066.295#4066.569
539	этом	этот	DET	_	Case=Loc|Gender=Masc|Number=Sing	_	_	_	@mva1988f-words#@mva1988f#4066.569#4066.843
540	шлюзе	шлюз	NOUN	_	Animacy=Inan|Case=Loc|Gender=Masc|Number=Sing	_	_	_	@mva1988f-words#@mva1988f#4066.843#4067.117
541	меня	я	PRON	_	Case=Acc|Number=Sing|Person=1	_	_	_	@mva1988f-words#@mva1988f#4067.117#4067.391
542	ждала	ждать	VERB	_	Aspect=Imp|Gender=Fem|Mood=Ind|Number=Sing|Tense=Past|VerbForm=Fin|Voice=Act	_	_	_	@mva1988f-words#@mva1988f#4067.391#4067.665
543	чёрная	чёрный	ADJ	_	Case=Nom|Degree=Pos|Gender=Fem|Number=Sing	_	_	_	@mva1988f-words#@mva1988f#4067.665#4067.939
544	волга	волга	NOUN	_	Animacy=Inan|Case=Nom|Gender=Fem|Number=Sing	_	_	_	@mva1988f-words#@mva1988f#4067.939#4068.22
545	в	в	ADP	_	_	_	_	_	@mva1988f-words#@mva1988f#4069.455#4069.749
546	эту	этот	DET	_	Case=Acc|Gender=Fem|Number=Sing	_	_	_	@mva1988f-words#@mva1988f#4069.749#4070.043
547	чёрную	чёрный	ADJ	_	Case=Acc|Degree=Pos|Gender=Fem|Number=Sing	_	_	_	@mva1988f-words#@mva1988f#4070.043#4070.337
548	волгу	волга	PROPN	_	Animacy=Inan|Case=Acc|Gender=Fem|Number=Sing	_	_	_	@mva1988f-words#@mva1988f#4070.337#4070.631
549	погрузили	погрузить	VERB	_	Aspect=Perf|Mood=Ind|Number=Plur|Tense=Past|VerbForm=Fin|Voice=Act	_	_	_	@mva1988f-words#@mva1988f#4070.631#4070.925
550	мои	мой	DET	_	Case=Acc|Number=Plur	_	_	_	@mva1988f-words#@mva1988f#4070.925#4071.219
551	сумки	сумка	NOUN	_	Animacy=Inan|Case=Acc|Gender=Fem|Number=Plur	_	_	_	@mva1988f-words#@mva1988f#4071.219#4071.514
552	посадили	посадить	VERB	_	Aspect=Perf|Mood=Ind|Number=Plur|Tense=Past|VerbForm=Fin|Voice=Act	_	_	_	@mva1988f-words#@mva1988f#4072.602#4073.072
553	туда	туда	ADV	_	_	_	_	_	@mva1988f-words#@mva1988f#4073.072#4073.542
554	меня	я	PRON	_	Case=Acc|Number=Sing|Person=1	_	_	_	@mva1988f-words#@mva1988f#4073.542#4074.013
555	открыли	открыть	VERB	_	Aspect=Perf|Mood=Ind|Number=Plur|Tense=Past|VerbForm=Fin|Voice=Act	_	_	_	@mva1988f-words#@mva1988f#4075.248#4075.836
556	ворота	ворота	NOUN	_	Animacy=Inan|Case=Acc|Number=Plur	_	_	_	@mva1988f-words#@mva1988f#4075.836#4076.425
557	и	и	CCONJ	_	_	_	_	_	@mva1988f-words#@mva1988f#4077.777#4078.09
558	мы	мы	PRON	_	Case=Nom|Number=Plur|Person=1	_	_	_	@mva1988f-words#@mva1988f#4078.09#4078.403
559	поехали	поехать	VERB	_	Aspect=Perf|Mood=Ind|Number=Plur|Tense=Past|VerbForm=Fin|Voice=Act	_	_	_	@mva1988f-words#@mva1988f#4078.403#4078.718
560	вместе	вместе	ADV	_	_	_	_	_	@mva1988f-words#@mva1988f#4078.894#4079.35
561	с	с	ADP	_	_	_	_	_	@mva1988f-words#@mva1988f#4079.35#4079.806
562	начальником	начальник	NOUN	_	Animacy=Anim|Case=Ins|Gender=Masc|Number=Sing	_	_	_	@mva1988f-words#@mva1988f#4079.806#4080.262
563	отряда	отряд	NOUN	_	Animacy=Inan|Case=Gen|Gender=Masc|Number=Sing	_	_	_	@mva1988f-words#@mva1988f#4080.262#4080.718
564	до	до	ADP	_	_	_	_	_	@mva1988f-words#@mva1988f#4081.453#4082.012
565	вокзала	вокзал	NOUN	_	Animacy=Inan|Case=Gen|Gender=Masc|Number=Sing	_	_	_	@mva1988f-words#@mva1988f#4082.012#4082.571
566	Нижнего	Нижний	ADJ	_	Case=Gen|Degree=Pos|Gender=Masc|Number=Sing	_	_	_	@mva1988f-words#@mva1988f#4083.953#4084.482
567	Новгорода	Новгород	PROPN	_	Animacy=Inan|Case=Gen|Gender=Masc|Number=Sing	_	_	_	@mva1988f-words#@mva1988f#4084.482#4085.012
568	вот	вот	PART	_	_	_	_	_	@mva1988f-words#@mva1988f#4086.717#4086.952
569	как-то	как-то	ADV	_	_	_	_	_	@mva1988f-words#@mva1988f#4086.952#4087.187
570	так	так	ADV	_	_	_	_	_	@mva1988f-words#@mva1988f#4087.187#4087.422
571	у	у	ADP	_	_	_	_	_	@mva1988f-words#@mva1988f#4087.422#4087.657
572	меня	я	PRON	_	Case=Gen|Number=Sing|Person=1	_	_	_	@mva1988f-words#@mva1988f#4087.657#4087.892
573	всё	весь	DET	_	Case=Nom|Gender=Neut|Number=Sing	_	_	_	@mva1988f-words#@mva1988f#4087.892#4088.127
574	это	это	PRON	_	Case=Nom|Gender=Neut|Number=Sing	_	_	_	@mva1988f-words#@mva1988f#4088.127#4088.362
575	было	быть	AUX	_	Aspect=Imp|Gender=Neut|Mood=Ind|Number=Sing|Tense=Past|VerbForm=Fin|Voice=Act	_	_	_	@mva1988f-words#@mva1988f#4088.362#4088.6
576	что	что	PRON	_	Case=Acc	_	_	_	@mva1988f-words#@mva1988f#4088.893#4089.163
577	я	я	PRON	_	Case=Nom|Number=Sing|Person=1	_	_	_	@mva1988f-words#@mva1988f#4089.163#4089.433
578	чувствовала	чувствовать	VERB	_	Aspect=Imp|Gender=Fem|Mood=Ind|Number=Sing|Tense=Past|VerbForm=Fin|Voice=Act	_	_	_	@mva1988f-words#@mva1988f#4089.433#4089.703
579	?	?	PUNCT	_	_	_	_	_	@mva1988f-words#@mva1988f#4089.703#4089.973
580	ну	ну	PART	_	_	_	_	_	@mva1988f-words#@mva1988f#4089.973#4090.246
581	я	я	PRON	_	Case=Nom|Number=Sing|Person=1	_	_	_	@mva1988f-words#@mva1988f#4090.393#4090.693
582	думаю	думать	VERB	_	Aspect=Imp|Mood=Ind|Number=Sing|Person=1|Tense=Pres|VerbForm=Fin|Voice=Act	_	_	_	@mva1988f-words#@mva1988f#4090.693#4090.993
583	что	что	SCONJ	_	_	_	_	_	@mva1988f-words#@mva1988f#4090.993#4091.293
584	тоже	тоже	PART	_	_	_	_	_	@mva1988f-words#@mva1988f#4091.293#4091.593
585	поняла	понять	VERB	_	Aspect=Perf|Gender=Fem|Mood=Ind|Number=Sing|Tense=Past|VerbForm=Fin|Voice=Act	_	_	_	@mva1988f-words#@mva1988f#4091.593#4091.893
586	что	что	SCONJ	_	_	_	_	_	@mva1988f-words#@mva1988f#4091.893#4092.193
587	это	это	PRON	_	Case=Nom|Gender=Neut|Number=Sing	_	_	_	@mva1988f-words#@mva1988f#4092.193#4092.493
588	достаточно	достаточно	ADV	_	Degree=Pos	_	_	_	@mva1988f-words#@mva1988f#4092.493#4092.793
589	смешно	смешной	ADJ	_	Degree=Pos|Gender=Neut|Number=Sing|Variant=Short	_	_	@mva1988f-words#@mva1988f#4092.793#4093.098	
590	я	я	PRON	_	Case=Nom|Number=Sing|Person=1	_	_	_	@mva1988f-words#@mva1988f#4093.274#4093.656
591	смеялась	смеяться	VERB	_	Aspect=Perf|Gender=Fem|Mood=Ind|Number=Sing|Tense=Past|VerbForm=Fin|Voice=Mid	_	_	_	@mva1988f-words#@mva1988f#4093.656#4094.039
592	ааа	ааa	INTJ	_	_	_	_	_	@mva1988f-words#@mva1988f#4095.009#4095.597
593	я	я	PRON	_	Case=Nom|Number=Sing|Person=1	_	_	_	@mva1988f-words#@mva1988f#4095.891#4096.48
594	да	да	PART	_	_	_	_	_	@mva1988f-words#@mva1988f#4099.656#4099.883
595	ничего	ничто	PRON	_	Case=Gen	_	_	_	@mva1988f-words#@mva1988f#4099.883#4100.11
596	я	я	PRON	_	Case=Nom|Number=Sing|Person=1	_	_	_	@mva1988f-words#@mva1988f#4100.11#4100.337
597	не	не	PART	_	_	_	_	_	@mva1988f-words#@mva1988f#4100.337#4100.564
598	чувствовала	чувствовать	VERB	_	Aspect=Imp|Gender=Fem|Mood=Ind|Number=Sing|Tense=Past|VerbForm=Fin|Voice=Act	_	_	_	@mva1988f-words#@mva1988f#4100.564#4100.791
599	я	я	PRON	_	Case=Nom|Number=Sing|Person=1	_	_	_	@mva1988f-words#@mva1988f#4100.791#4101.018
600	просто	просто	PART	_	_	_	_	_	@mva1988f-words#@mva1988f#4101.018#4101.245
601	ехала	ехать	VERB	_	Aspect=Imp|Gender=Fem|Mood=Ind|Number=Sing|Tense=Past|VerbForm=Fin|Voice=Act	_	_	_	@mva1988f-words#@mva1988f#4101.245#4101.479
602	расскажи	рассказать	VERB	_	Aspect=Perf|Mood=Imp|Number=Sing|Person=2|VerbForm=Fin|Voice=Act	_	_	_	@is1984f-words#@is1984f#3788.134#3788.437
603	мне	я	PRON	_	Case=Dat|Number=Sing|Person=1	_	_	_	@is1984f-words#@is1984f#3788.437#3788.74
604	лучше	хорошо	ADV	_	Degree=Cmp	_	_	_	@is1984f-words#@is1984f#3788.74#3789.043
605	про	про	ADP	_	_	_	_	_	@is1984f-words#@is1984f#3789.043#3789.346
606	свои	свой	DET	_	Case=Acc|Number=Plur	_	_	_	@is1984f-words#@is1984f#3789.346#3789.649
607	гастроли	гастроли	NOUN	_	Animacy=Inan|Case=Acc|Number=Plur	_	_	_	@is1984f-words#@is1984f#3789.649#3789.957
608	ээ	ээ	INTJ	_	_	_	_	_	@is1984f-words#@is1984f#3790.163#3790.986
609	с	с	ADP	_	_	_	_	_	@is1984f-words#@is1984f#3791.456#3791.773
610	которых	который	DET	_	Case=Gen|Number=Plur	_	_	_	@is1984f-words#@is1984f#3791.773#3792.09
611	ты	ты	PRON	_	Case=Nom|Number=Sing|Person=2	_	_	_	@is1984f-words#@is1984f#3792.09#3792.407
612	сейчас	сейчас	ADV	_	_	_	_	_	@is1984f-words#@is1984f#3792.407#3792.724
613	вернулась	вернуться	VERB	_	Aspect=Perf|Gender=Fem|Mood=Ind|Number=Sing|Tense=Past|VerbForm=Fin|Voice=Mid	_	_	_	@is1984f-words#@is1984f#3792.724#3793.045
614	так	так	PART	_	_	_	_	_	@is1984f-words#@is1984f#3799.103#3799.515
615	так	так	PART	_	_	_	_	_	@is1984f-words#@is1984f#3806.868#3807.397
616	мхм	мхм	INTJ	_	_	_	_	_	@is1984f-words#@is1984f#3809.098#3809.568
617	мхм	мхм	INTJ	_	_	_	_	_	@is1984f-words#@is1984f#3814.332#3814.744
618	ааа	аа	INTJ	_	_	_	_	_	@is1984f-words#@is1984f#3836.182#3836.711
619	например	например	ADV	_	_	_	_	_	@is1984f-words#@is1984f#3838.351#3838.636
620	а	а	CCONJ	_	_	_	_	_	@is1984f-words#@is1984f#3838.636#3838.921
621	что	что	PRON	_	Case=Acc	_	_	_	@is1984f-words#@is1984f#3838.921#3839.206
622	делают	делать	VERB	_	Aspect=Imp|Mood=Ind|Number=Plur|Person=3|Tense=Pres|VerbForm=Fin|Voice=Act	_	_	_	@is1984f-words#@is1984f#3839.206#3839.491
623	ребята	ребята	NOUN	_	Animacy=Anim|Case=Nom|Number=Plur	_	_	_	@is1984f-words#@is1984f#3839.491#3839.776
624	после	после	ADP	_	_	_	_	_	@is1984f-words#@is1984f#3839.776#3840.061
625	этого	это	PRON	_	Case=Gen|Gender=Neut|Number=Sing	_	_	_	@is1984f-words#@is1984f#3840.061#3840.351
626	какие	какой	DET	_	Case=Nom|Number=Plur	_	_	_	@is1984f-words#@is1984f#3840.469#3841.027
627	классные	классный	ADJ	_	Case=Nom|Degree=Pos|Number=Plur	_	_	_	@is1984f-words#@is1984f#3841.027#3841.586
628	акции	акция	NOUN	_	Animacy=Inan|Case=Nom|Gender=Fem|Number=Plur	_	_	_	@is1984f-words#@is1984f#3843.174#3843.645
629	обалдеть	обалдеть	VERB	_	Aspect=Perf|VerbForm=Inf|Voice=Act	_	_	_	@is1984f-words#@is1984f#3880.223#3881.047
630	обалдеть	обалдеть	VERB	_	Aspect=Perf|VerbForm=Inf|Voice=Act	_	_	_	@is1984f-words#@is1984f#3881.635#3882.4
631	зач	зачем	ADV	_	_	_	_	_	@is1984f-words#@is1984f#3883.429#3883.929
632	зачем	зачем	ADV	_	_	_	_	_	@is1984f-words#@is1984f#3883.929#3884.248
633	это	это	PRON	_	Animacy=Inan|Case=Nom|Gender=Neut|Number=Sing	_	_	_	@is1984f-words#@is1984f#3884.248#3884.567
634	нужно	нужный	ADJ	_	Degree=Pos|Gender=Neut|Number=Sing|Variant=Short	_	_	_	@is1984f-words#@is1984f#3884.567#3884.886
635	людям	человек	NOUN	_	Animacy=Anim|Case=Dat|Gender=Masc|Number=Plur	_	_	_	@is1984f-words#@is1984f#3884.886#3885.205
636	я	я	PRON	_	Case=Nom|Number=Sing|Person=1	_	_	_	@is1984f-words#@is1984f#3885.205#3885.524
637	не	не	PART	_	_	_	_	_	@is1984f-words#@is1984f#3885.524#3885.843
638	понимаю	понимать	VERB	_	Aspect=Imp|Mood=Ind|Number=Sing|Person=1|Tense=Pres|VerbForm=Fin|Voice=Act	_	_	_	@is1984f-words#@is1984f#3885.843#3886.165
639	зачем	зачем	ADV	_	_	_	_	_	@is1984f-words#@is1984f#3886.459#3886.706
640	им	они	PRON	_	Case=Dat|Number=Plur|Person=3	_	_	_	@is1984f-words#@is1984f#3886.706#3886.953
641	нужен	нужный	ADJ	_	Degree=Pos|Gender=Masc|Number=Sing|Variant=Short	_	_	_	@is1984f-words#@is1984f#3886.953#3887.2
642	русский	русский	ADJ	_	Case=Nom|Gender=Masc|Number=Sing|Variant=Short	_	_	_	@is1984f-words#@is1984f#3887.2#3887.447
643	?	?	PUNCT	_	_	_	_	_	@is1984f-words#@is1984f#3887.447#3887.694
644	ммм	мм	INTJ	_	_	_	_	_	@is1984f-words#@is1984f#3894.654#3895.301
645	да	да	PART	_	_	_	_	_	@is1984f-words#@is1984f#3898.977#3899.624
646	ээ	ээ	INTJ	_	_	_	_	_	@is1984f-words#@is1984f#3900.624#3901.035
647	что	что	PRON	_	Case=Nom	_	_	_	@is1984f-words#@is1984f#3937.933#3938.271
648	значит	значить	VERB	_	Aspect=Imp|Mood=Ind|Number=Sing|Person=3|Tense=Pres|VerbForm=Fin|Voice=Act	_	_	_	@is1984f-words#@is1984f#3938.271#3938.609
649	иначе	иначе	ADV	_	_	_	_	_	@is1984f-words#@is1984f#3938.609#3938.947
650	?	?	PUNCT	_	_	_	_	_	@is1984f-words#@is1984f#3938.947#3939.286
651	м	м	INTJ	_	_	_	_	_	@is1984f-words#@is1984f#3957.755#3958.285
652	что	что	PRON	_	Case=Acc	_	_	_	@is1984f-words#@is1984f#3965.431#3965.769
653	ты	ты	PRON	_	Case=Nom|Number=Sing|Person=2	_	_	_	@is1984f-words#@is1984f#3965.769#3966.107
654	чувствуешь	чувствовать	VERB	_	Aspect=Imp|Mood=Ind|Number=Sing|Person=2|Tense=Pres|VerbForm=Fin|Voice=Act	_	_	_	@is1984f-words#@is1984f#3966.107#3966.445
655	когда	когда	SCONJ	_	_	_	_	_	@is1984f-words#@is1984f#3966.445#3966.783
656	перешагиваешь	перешагивать	VERB	_	Aspect=Imp|Mood=Ind|Number=Sing|Person=2|Tense=Pres|VerbForm=Fin|Voice=Act	_	_	_	@is1984f-words#@is1984f#3966.783#3967.121
657	этот	этот	DET	_	Case=Acc|Gender=Masc|Number=Sing	_	_	_	@is1984f-words#@is1984f#3967.121#3967.459
658	порог	порог	NOUN	_	Animacy=Inan|Case=Acc|Gender=Masc|Number=Sing	_	_	_	@is1984f-words#@is1984f#3967.459#3967.797
659	?	?	PUNCT	_	_	_	_	_	@is1984f-words#@is1984f#3967.797#3968.137
660	да	да	CCONJ	_	_	_	_	_	@is1984f-words#@is1984f#3976.637#3977.107
661	тебе	ты	PRON	_	Case=Dat|Number=Sing|Person=2	_	_	_	@is1984f-words#@is1984f#3993.989#3994.302
662	было	быть	AUX	_	Aspect=Imp|Gender=Neut|Mood=Ind|Number=Sing|Tense=Past|VerbForm=Fin|Voice=Act	_	_	_	@is1984f-words#@is1984f#3994.302#3994.615
663	унизительно	унизительно	ADV	_	Degree=Pos	_	_	_	@is1984f-words#@is1984f#3994.615#3994.928
664	выходить	выходить	VERB	_	Aspect=Imp|VerbForm=Inf|Voice=Act	_	_	_	@is1984f-words#@is1984f#3994.928#3995.241
665	по	по	ADP	_	_	_	_	_	@is1984f-words#@is1984f#3995.241#3995.554
666	амнистии	амнистия	NOUN	_	Animacy=Inan|Case=Dat|Gender=Fem|Number=Sing	_	_	_	@is1984f-words#@is1984f#3995.554#3995.867
667	или	или	CCONJ	_	_	_	_	_	@is1984f-words#@is1984f#3995.867#3996.18
668	что	что	PRON	_	Case=Nom	_	_	_	@is1984f-words#@is1984f#3996.18#3996.493
669	?	?	PUNCT	_	_	_	_	_	@is1984f-words#@is1984f#3996.493#3996.813
670	пять	пять	NUM	_	Case=Nom	_	_	_	@is1984f-words#@is1984f#4024.372#4024.607
671	женщин	женщина	NOUN	_	Animacy=Anim|Case=Gen|Gender=Fem|Number=Plur	_	_	_	@is1984f-words#@is1984f#4024.607#4024.842
672	?	?	PUNCT	_	_	_	_	_	@is1984f-words#@is1984f#4024.842#4025.078
673	двое	двое	NUM	_	Case=Nom	_	_	_	@is1984f-words#@is1984f#4028.519#4028.769
674	ты	ты	PRON	_	Case=Nom|Number=Sing|Person=2	_	_	_	@is1984f-words#@is1984f#4028.769#4029.019
675	и	и	CCONJ	_	_	_	_	_	@is1984f-words#@is1984f#4029.019#4029.269
676	Надя	Надя	PROPN	_	Animacy=Anim|Case=Nom|Gender=Fem|Number=Sing	_	_	_	@is1984f-words#@is1984f#4029.269#4029.519